seq,gene,primer_0,primer_1,primer_2,primer_3,primer_4,primer_5,primer_6,primer_7,primer_8,primer_9,primer_10,primer_11
GACATCCAGATGACCCAGTCTCCATCTTCC,IGKV1-12*01,,,,,,1,,,,,,
GACATCCAGATGACCCAGTCTCCATCTTCC,IGKV1-12*02,,,,,,1,,,,,,
GCCATCCAGTTGACCCAGTCTCCATCCTCC,IGKV1-13*02,1,,,,,,,1,,,,
GACATCCAGATGACCCAGTCTCCATCCTCA,IGKV1-16*01,1,,,,,,,1,,,,
GACATCCAGATGACCCAGTCTCCATCCTCA,IGKV1-16*02,1,,,,,,,1,,,,
GACATCCAGATGACCCAGTCTCCATCCTCC,IGKV1-17*01,1,,,,,,,1,,,,
GACATCCAGATGACCCAGTCTCCATCCTCC,IGKV1-17*02,1,,,,,,,1,,,,
GACATCCAGATGACCCAGTCTCCATCTGCC,IGKV1-17*03,,,,,,,,,1,,,
GACATCCAGATGACCCAGTCTCCATCCTCC,IGKV1-27*01,1,,,,,,,1,,,,
GACATCCAGATGACCCAGTCTCCATCCTCC,IGKV1-33*01,1,,,,,,,1,,,,
GACATCCAGATGACCCAGTCTCCATCCTCC,IGKV1-39*01,1,,,,,,,1,,,,
GACATCCAGATGACCCAGTCTCCTTCCACC,IGKV1-5*01,,,,,,,1,1,,,,
GACATCCAGATGACCCAGTCTCCTTCCACC,IGKV1-5*02,,,,,,,1,1,,,,
GACATCCAGATGACCCAGTCTCCTTCCACC,IGKV1-5*03,,,,,,,1,1,,,,
GCCATCCAGATGACCCAGTCTCCATCCTCC,IGKV1-6*01,1,,,,,,,1,,,,
GCCATCCAGATGACCCAGTCTCCATCCTCC,IGKV1-6*02,1,,,,,,,1,,,,
GCCATCCGGATGACCCAGTCTCCATCCTCA,IGKV1-8*01,1,,,,,,,1,,,,
GACATCCAGTTGACCCAGTCTCCATCCTTC,IGKV1-9*01,,,,,,1,,1,,,,
GACATCCAGATGACCCAGTCTCCATCCTCC,IGKV1-NL1*01,1,,,,,,,1,,,,
GACATCCAGATGACCCAGTCTCCATCTTCT,IGKV1D-12*01,,,,,,1,,,,,,
GACATCCAGATGACCCAGTCTCCATCTTCC,IGKV1D-12*02,,,,,,1,,,,,,
GCCATCCAGTTGACCCAGTCTCCATCCTCC,IGKV1D-13*01,1,,,,,,,1,,,,
GCCATCCAGTTGACCCAGTCTCCATCCTCC,IGKV1D-13*02,1,,,,,,,1,,,,
GACATCCAGATGACCCAGTCTCCATCCTCA,IGKV1D-16*01,1,,,,,,,1,,,,
GACATCCAGATGACCCAGTCTCCATCCTCA,IGKV1D-16*02,1,,,,,,,1,,,,
AACATCCAGATGACCCAGTCTCCATCTGCC,IGKV1D-17*01,,,,,,,,,1,,,
GACATCCAGATGACCCAGTCTCCATCCTCC,IGKV1D-33*01,1,,,,,,,1,,,,
GACATCCAGATGACCCAGTCTCCATCCTCC,IGKV1D-39*01,1,,,,,,,1,,,,
GCCATCCGGATGACCCAGTCTCCATTCTCC,IGKV1D-43*01,1,,,,,,,,,,,
GTCATCTGGATGACCCAGTCTCCATCCTTA,IGKV1D-8*01,,,,,,,,1,,,,
GCCATCTGGATGACCCAGTCTCCATCCTTA,IGKV1D-8*02,,,,,,,,1,,,,
GTCATCTGGATGACCCAGTCTCCATCCTTA,IGKV1D-8*03,,,,,,,,1,,,,
GATATTGTGATGACCCAGACTCCACTCTCC,IGKV2-24*01,,1,,1,,,,,,,,
GATATTGTGATGACTCAGTCTCCACTCTCC,IGKV2-28*01,,1,,1,,,,,,,,
GATATTGTGATGACCCAGACTCCACTCTCT,IGKV2-29*02,,,,1,,,,,,,,
GATATTGTGATGACCCAGACTCCACTCTCT,IGKV2-29*03,,,,1,,,,,,,,
GATGTTGTGATGACTCAGTCTCCACTCTCC,IGKV2-30*01,,1,,1,,,,,,,,
GATGTTGTGATGACTCAGTCTCCACTCTCC,IGKV2-30*02,,1,,1,,,,,,,,
GATATTGTGATGACCCAGACTCCACTCTCC,IGKV2-40*01,,1,,1,,,,,,,,
GAGATTGTGATGACCCAGACTCCACTCTCC,IGKV2D-26*01,,1,,1,,,,,,,,
GAGATTGTGATGACCCAGACTCCACTCTCC,IGKV2D-26*02,,1,,1,,,,,,,,
GAGATTGTGATGACCCAGACTCCACTCTCC,IGKV2D-26*03,,1,,1,,,,,,,,
GATATTGTGATGACTCAGTCTCCACTCTCC,IGKV2D-28*01,,1,,1,,,,,,,,
GATATTGTGATGACCCAGACTCCACTCTCT,IGKV2D-29*01,,,,1,,,,,,,,
GATATTGTGATGACCCAGACTCCACTCTCT,IGKV2D-29*02,,,,1,,,,,,,,
GATGTTGTGATGACTCAGTCTCCACTCTCC,IGKV2D-30*01,,1,,1,,,,,,,,
GATATTGTGATGACCCAGACTCCACTCTCC,IGKV2D-40*01,,1,,1,,,,,,,,
GAAATTGTGTTGACACAGTCTCCAGCCACC,IGKV3-11*01,,,1,,,,,,,,,
GAAATTGTGTTGACACAGTCTCCAGCCACC,IGKV3-11*02,,,1,,,,,,,,,
GAAATAGTGATGACGCAGTCTCCAGCCACC,IGKV3-15*01,,,1,,,,,,,,,
GAAATTGTGTTGACGCAGTCTCCAGGCACC,IGKV3-20*01,,,,,,,,,,1,,
GAAATTGTAATGACACAGTCTCCACCCACC,IGKV3-7*04,,,,,,,,,,,1,
GAAATTGTGTTGACACAGTCTCCAGCCACC,IGKV3D-11*01,,,1,,,,,,,,,
GAAATTGTGTTGACACAGTCTCCAGCCACC,IGKV3D-11*02,,,1,,,,,,,,,
GAAATTGTGTTGACACAGTCTCCAGCCACC,IGKV3D-11*03,,,1,,,,,,,,,
GAAATAGTGATGACGCAGTCTCCAGCCACC,IGKV3D-15*01,,,1,,,,,,,,,
GAAATAGTGATGACGCAGTCTCCAGCCACC,IGKV3D-15*03,,,1,,,,,,,,,
GAAATTGTGTTGACGCAGTCTCCAGCCACC,IGKV3D-20*01,,,1,,,,,,,,,
GAAATTGTAATGACACAGTCTCCAGCCACC,IGKV3D-7*01,,,1,,,,,,,,1,
GACATCGTGATGACCCAGTCTCCAGACTCC,IGKV4-1*01,,,,,1,,,,,,,
GAAACGACACTCACGCAGTCTCCAGCATTC,IGKV5-2*01,,,,,,,,,,,,1
GAAATTGTGCTGACTCAGTCTCCAGACTTT,IGKV6-21*01,,,,,1,,,,,,,
GAAATTGTGCTGACTCAGTCTCCAGACTTT,IGKV6-21*02,,,,,1,,,,,,,
GAAATTGTGCTGACTCAGTCTCCAGACTTT,IGKV6D-21*01,,,,,1,,,,,,,
GAAATTGTGCTGACTCAGTCTCCAGACTTT,IGKV6D-21*02,,,,,1,,,,,,,
