seq,gene,primer_0,primer_1,primer_2,primer_3,primer_4,primer_5,primer_6,primer_7,primer_8,primer_9
CAGGTTCAGCTGGTGCAGTCTGGAG,IGHV1-18*01,,,1,,,,,,,
CAGGTTCAGCTGGTGCAGTCTGGAG,IGHV1-18*03,,,1,,,,,,,
CAGGTTCAGCTGGTGCAGTCTGGAG,IGHV1-18*04,,,1,,,,,,,
CAGGTGCAGCTGGTGCAGTCTGGGG,IGHV1-2*01,,,1,,,,,,,
CAGGTGCAGCTGGTGCAGTCTGGGG,IGHV1-2*02,,,1,,,,,,,
CAGGTGCAGCTGGTGCAGTCTGGGG,IGHV1-2*03,,,1,,,,,,,
CAGGTGCAGCTGGTGCAGTCTGGGG,IGHV1-2*04,,,1,,,,,,,
CAGGTGCAGCTGGTGCAGTCTGGGG,IGHV1-2*05,,,1,,,,,,,
CAGGTGCAGCTGGTGCAGTCTGGGG,IGHV1-2*06,,,1,,,,,,,
CAGGTCCAGCTGGTACAGTCTGGGG,IGHV1-24*01,,,,,,,,1,,
CAGGTCCAGCTTGTGCAGTCTGGGG,IGHV1-3*01,,,,,,,,,,
CAGGTTCAGCTGGTGCAGTCTGGGG,IGHV1-3*02,,,1,,,,,,,
CAGATGCAGCTGGTGCAGTCTGGGG,IGHV1-45*01,,,1,,,,,,,
CAGATGCAGCTGGTGCAGTCTGGGG,IGHV1-45*02,,,1,,,,,,,
CAGATGCAGCTGGTGCAGTCTGGGG,IGHV1-45*03,,,1,,,,,,,
CAGGTGCAGCTGGTGCAGTCTGGGG,IGHV1-46*01,,,1,,,,,,,
CAGGTGCAGCTGGTGCAGTCTGGGG,IGHV1-46*02,,,1,,,,,,,
CAGGTGCAGCTGGTGCAGTCTGGGG,IGHV1-46*03,,,1,,,,,,,
CAAATGCAGCTGGTGCAGTCTGGGC,IGHV1-58*01,,,,,,,,,,
CAAATGCAGCTGGTGCAGTCTGGGC,IGHV1-58*02,,,,,,,,,,
CAGGTGCAGCTGGTGCAGTCTGGGG,IGHV1-69*01,,,1,,,,,,,
CAGGTCCAGCTGGTGCAATCTGGGG,IGHV1-69*02,,,,,,1,,,,
CAGGTCCAGCTGGTGCAGTCTGGGG,IGHV1-69*04,,,1,,,,,1,,
CAGGTCCAGCTGGTGCAGTCTGGGG,IGHV1-69*05,,,1,,,,,1,,
CAGGTGCAGCTGGTGCAGTCTGGGG,IGHV1-69*06,,,1,,,,,,,
CAGGTCCAGCTGGTGCAATCTGGGG,IGHV1-69*08,,,,,,1,,,,
CAGGTGCAGCTGGTGCAGTCTGGGG,IGHV1-69*09,,,1,,,,,,,
CAGGTCCAGCTGGTGCAGTCTGGGG,IGHV1-69*10,,,1,,,,,1,,
CAGGTCCAGCTGGTGCAGTCTGGGG,IGHV1-69*11,,,1,,,,,1,,
CAGGTCCAGCTGGTGCAGTCTGGGG,IGHV1-69*12,,,1,,,,,1,,
CAGGTCCAGCTGGTGCAGTCTGGGG,IGHV1-69*13,,,1,,,,,1,,
CAGGTCCAGCTGGTGCAGTCTGGGG,IGHV1-69*14,,,1,,,,,1,,
CAGGTCCAGCTGGTGCAGTCTGGGG,IGHV1-69*15,,,1,,,,,1,,
CAGGTCCAGCTGGTGCAGTCTGGGG,IGHV1-69*16,,,1,,,,,1,,
CAGGTGCAGCTGGTGCAGTCTGGGG,IGHV1-69*17,,,1,,,,,,,
GAGGTCCAGCTGGTACAGTCTGGGG,IGHV1-69-2*01,,,,,,,,1,,
CAGGTGCAGCTGGTGCAGTCTGGGG,IGHV1-69D*01,,,1,,,,,,,
CAGGTGCAGCTGGTGCAGTCTGGGG,IGHV1-8*01,,,1,,,,,,,
CAGGTGCAGCTGGTGCAGTCTGGGG,IGHV1-8*02,,,1,,,,,,,
CAGGTGCAGCTGGTGCAGTCTGGGG,IGHV1-8*03,,,1,,,,,,,
CAGGTCACCTTGAAGGAGTCTGGTC,IGHV2-26*01,,,,1,,,,,,
CAGGTCACCTTGAAGGAGTCTGGTC,IGHV2-26*02,,,,1,,,,,,
CAGGTCACCTTGAAGGAGTCTGGTC,IGHV2-26*03,,,,1,,,,,,
CAGATCACCTTGAAGGAGTCTGGTC,IGHV2-5*01,,,,1,,,,,,
CAGATCACCTTGAAGGAGTCTGGTC,IGHV2-5*02,,,,1,,,,,,
CAGATCACCTTGAAGGAGTCTGGTC,IGHV2-5*05,,,,1,,,,,,
CAGATCACCTTGAAGGAGTCTGGTC,IGHV2-5*06,,,,1,,,,,,
CAGGTCACCTTGAAGGAGTCTGGTC,IGHV2-5*08,,,,1,,,,,,
CAGGTCACCTTGAAGGAGTCTGGTC,IGHV2-5*09,,,,1,,,,,,
CAGGTCACCTTGAGGGAGTCTGGTC,IGHV2-70*01,,,,1,,,,,,
CAGGTCACCTTGAAGGAGTCTGGTC,IGHV2-70*04,,,,1,,,,,,
CAGGTCACCTTGAAGGAGTCTGGTC,IGHV2-70*10,,,,1,,,,,,
CGGGTCACCTTGAGGGAGTCTGGTC,IGHV2-70*11,,,,,,,,,,
CAGATCACCTTGAAGGAGTCTGGTC,IGHV2-70*12,,,,1,,,,,,
CAGGTCACCTTGAGGGAGTCTGGTC,IGHV2-70*13,,,,1,,,,,,
CAGGTCACCTTGAGGGAGTCTGGTC,IGHV2-70*15,,,,1,,,,,,
CAGGTCACCTTGAAGGAGTCTGGTC,IGHV2-70*16,,,,1,,,,,,
CAGGTCACCTTGAGGGAGTCTGGTC,IGHV2-70*17,,,,1,,,,,,
CAGGTCACCTTGAAGGAGTCTGGTC,IGHV2-70D*04,,,,1,,,,,,
CAGGTCACCTTGAAGGAGTCTGGTC,IGHV2-70D*14,,,,1,,,,,,
CAGGTGCAGCTGGTGGAGTCTGGGG,IGHV3-11*01,1,,,,,,,,1,
CAGGTGCAGCTGTTGGAGTCTGGGG,IGHV3-11*03,1,,,,,,,,,
CAGGTGCAGCTGGTGGAGTCTGGGG,IGHV3-11*04,1,,,,,,,,1,
CAGGTGCAGCTGGTGGAGTCTGGGG,IGHV3-11*05,1,,,,,,,,1,
CAGGTGCAGCTGGTGGAGTCTGGGG,IGHV3-11*06,1,,,,,,,,1,
GAGGTGCAGCTGGTGGAGTCTGGGG,IGHV3-13*01,1,,,,,,,,1,
GAGGTGCATCTGGTGGAGTCTGGGG,IGHV3-13*02,1,,,,,,,,1,
GAGGTGCAGCTGGTGGAGTCTGGGG,IGHV3-13*03,1,,,,,,,,1,
GAGGTGCAGCTGGTGGAGTCTGGGG,IGHV3-13*04,1,,,,,,,,1,
GAGGTGCAGCTGGTGGAGTCTGGGG,IGHV3-13*05,1,,,,,,,,1,
GAGGTGCAGCTGGTGGAGTCTGGGG,IGHV3-15*01,1,,,,,,,,1,
GAGGTGCAGCTGGTGGAGTCTGGGG,IGHV3-15*02,1,,,,,,,,1,
GAGGTGCAGCTGGTGGAGTCTGCCG,IGHV3-15*03,1,,,,,,,,1,
GAGGTGCAGCTGGTGGAGTCTGGGG,IGHV3-15*04,1,,,,,,,,1,
GAGGTGCAGCTGGTGGAGTCTGGGG,IGHV3-15*05,1,,,,,,,,1,
GAGGTGCAGCTGGTGGAGTCTGGGG,IGHV3-15*06,1,,,,,,,,1,
GAGGTGCAGCTGGTGGAGTCTGGGG,IGHV3-15*07,1,,,,,,,,1,
GAGGTGCAGCTGGTGGAGTCTGCGG,IGHV3-15*08,1,,,,,,,,1,
GAGGTGCAGCTGGTGGAGTCTGGGG,IGHV3-20*01,1,,,,,,,,1,
GAGGTGCAGCTGGTGGAGTCTGGGG,IGHV3-21*01,1,,,,,,,,1,
GAGGTGCAACTGGTGGAGTCTGGGG,IGHV3-21*02,1,,,,,,,,1,
GAGGTGCAGCTGGTGGAGTCTGGGG,IGHV3-21*03,1,,,,,,,,1,
GAGGTGCAGCTGGTGGAGTCTGGGG,IGHV3-21*04,1,,,,,,,,1,
GAGGTGCAGCTGTTGGAGTCTGGGG,IGHV3-23*01,1,,,,,,,,,
GAGGTGCAGCTGTTGGAGTCTGGGG,IGHV3-23*02,1,,,,,,,,,
GAGGTGCAGCTGTTGGAGTCTGGGG,IGHV3-23*03,1,,,,,,,,,
GAGGTGCAGCTGGTGGAGTCTGGGG,IGHV3-23*04,1,,,,,,,,1,
GAGGTGCAGCTGTTGGAGTCTGGGG,IGHV3-23D*01,1,,,,,,,,,
CAGGTGCAGCTGGTGGAGTCTGGGG,IGHV3-30*01,1,,,,,,,,1,
CAGGTGCAGCTGGTGGAGTCTGGGG,IGHV3-30*02,1,,,,,,,,1,
CAGGTGCAGCTGGTGGAGTCTGGGG,IGHV3-30*03,1,,,,,,,,1,
CAGGTGCAGCTGGTGGAGTCTGGGG,IGHV3-30*04,1,,,,,,,,1,
CAGGTGCAGCTGGTGGAGTCTGGGG,IGHV3-30*05,1,,,,,,,,1,
CAGGTGCAGCTGGTGGAGTCTGGGG,IGHV3-30*06,1,,,,,,,,1,
CAGGTGCAGCTGGTGGAGTCTGGGG,IGHV3-30*07,1,,,,,,,,1,
CAGGTGCAGCTGGTGGACTCTGGGG,IGHV3-30*08,,,,,,,,,,1
CAGGTGCAGCTGGTGGAGTCTGGGG,IGHV3-30*09,1,,,,,,,,1,
CAGGTGCAGCTGGTGGAGTCTGGGG,IGHV3-30*10,1,,,,,,,,1,
CAGGTGCAGCTGGTGGAGTCTGGGG,IGHV3-30*11,1,,,,,,,,1,
CAGGTGCAGCTGGTGGAGTCTGGGG,IGHV3-30*12,1,,,,,,,,1,
CAGGTGCAGCTGGTGGAGTCTGGGG,IGHV3-30*13,1,,,,,,,,1,
CAGGTGCAGCTGGTGGAGTCTGGGG,IGHV3-30*14,1,,,,,,,,1,
CAGGTGCAGCTGGTGGAGTCTGGGG,IGHV3-30*15,1,,,,,,,,1,
CAGGTGCAGCTGGTGGAGTCTGGGG,IGHV3-30*16,1,,,,,,,,1,
CAGGTGCAGCTGGTGGAGTCTGGGG,IGHV3-30*17,1,,,,,,,,1,
CAGGTGCAGCTGGTGGAGTCTGGGG,IGHV3-30*18,1,,,,,,,,1,
CAGGTGCAGCTGGTGGAGTCTGGGG,IGHV3-30*19,1,,,,,,,,1,
CAGGTGCAGCTGGTGGAGTCTGGGG,IGHV3-30-3*01,1,,,,,,,,1,
CAGGTGCAGCTGGTGGAGTCTGGGG,IGHV3-30-3*02,1,,,,,,,,1,
CAGGTGCAGCTGGTGGAGTCTGGGG,IGHV3-30-3*03,1,,,,,,,,1,
CAGGTGCAGCTGGTGGAGTCTGGGG,IGHV3-30-5*01,1,,,,,,,,1,
CAGGTGCAGCTGGTGGAGTCTGGGG,IGHV3-30-5*02,1,,,,,,,,1,
CAGGTGCAGCTGGTGGAGTCTGGGG,IGHV3-33*01,1,,,,,,,,1,
CAGGTACAGCTGGTGGAGTCTGGGG,IGHV3-33*02,1,,,,,,,,,
CAGGTGCAGCTGGTGGAGTCTGGGG,IGHV3-33*03,1,,,,,,,,1,
CAGGTGCAGCTGGTGGAGTCTGGGG,IGHV3-33*04,1,,,,,,,,1,
CAGGTGCAGCTGGTGGAGTCTGGGG,IGHV3-33*05,1,,,,,,,,1,
CAGGTGCAGCTGGTGGAGTCTGGGG,IGHV3-33*06,1,,,,,,,,1,
GAAGTGCAGCTGGTGGAGTCTGGGG,IGHV3-43*01,1,,,,,,,,,
GAAGTGCAGCTGGTGGAGTCTGGGG,IGHV3-43*02,1,,,,,,,,,
GAAGTGCAGCTGGTGGAGTCTGGGG,IGHV3-43D*03,1,,,,,,,,,
GAAGTGCAGCTGGTGGAGTCTGGGG,IGHV3-43D*04,1,,,,,,,,,
GAGGTGCAGCTGGTGGAGTCTGGGG,IGHV3-48*01,1,,,,,,,,1,
GAGGTGCAGCTGGTGGAGTCTGGGG,IGHV3-48*02,1,,,,,,,,1,
GAGGTGCAGCTGGTGGAGTCTGGGG,IGHV3-48*03,1,,,,,,,,1,
GAGGTGCAGCTGGTGGAGTCTGGGG,IGHV3-48*04,1,,,,,,,,1,
GAGGTGCAGCTGGTGGAGTCTGGGG,IGHV3-49*01,1,,,,,,,,1,
GAGGTGCAGCTGGTGGAGTCTGGGG,IGHV3-49*02,1,,,,,,,,1,
GAGGTGCAGCTGGTGGAGTCTGGGG,IGHV3-49*03,1,,,,,,,,1,
GAGGTGCAGCTGGTGGAGTCTGGGG,IGHV3-49*04,1,,,,,,,,1,
GAGGTGCAGCTGGTGGAGTCTGGGG,IGHV3-49*05,1,,,,,,,,1,
GAGGTGCAGCTGGTGGAGTCTGGAG,IGHV3-53*01,1,,,,,,,,1,
GAGGTGCAGCTGGTGGAGACTGGAG,IGHV3-53*02,1,,,,,,,,,
GAGGTGCAGCTGGTGGAGTCTGGAG,IGHV3-53*03,1,,,,,,,,1,
GAGGTGCAGCTGGTGGAGTCTGGAG,IGHV3-53*04,1,,,,,,,,1,
GAGGTGCAGCTGGTGGAGTCTGGGG,IGHV3-64*01,1,,,,,,,,1,
GAGGTGCAGCTGGTGGAGTCTGGGG,IGHV3-64*02,1,,,,,,,,1,
GAGGTGCAGCTGGTGGAGTCTGGGG,IGHV3-64*03,1,,,,,,,,1,
CAGGTGCAGCTGGTGGAGTCTGGGG,IGHV3-64*04,1,,,,,,,,1,
GAGGTGCAGCTGGTGGAGTCTGGGG,IGHV3-64*05,1,,,,,,,,1,
GAGGTGCAGCTGGTGGAGTCTGGGG,IGHV3-64D*06,1,,,,,,,,1,
GAGGTGCAGCTGGTGGAGTCTGGGG,IGHV3-66*01,1,,,,,,,,1,
GAGGTGCAGCTGGTGGAGTCTGGGG,IGHV3-66*02,1,,,,,,,,1,
GAGGTGCAGCTGGTGGAGTCTGGAG,IGHV3-66*03,1,,,,,,,,1,
GAGGTGCAGCTGGTGGAGTCTGGGG,IGHV3-66*04,1,,,,,,,,1,
GAGGTGCAGCTGGTGGAGTCTGGGG,IGHV3-7*01,1,,,,,,,,1,
GAGGTGCAGCTGGTGGAGTCTGGGG,IGHV3-7*02,1,,,,,,,,1,
GAGGTGCAGCTGGTGGAGTCTGGGG,IGHV3-7*03,1,,,,,,,,1,
GAGGTGCAGCTGGTGGAGTCTGGGG,IGHV3-72*01,1,,,,,,,,1,
GAGGTGCAGCTGGTGGAGTCTGGGG,IGHV3-73*01,1,,,,,,,,1,
GAGGTGCAGCTGGTGGAGTCCGGGG,IGHV3-73*02,1,,,,,,,,1,
GAGGTGCAGCTGGTGGAGTCCGGGG,IGHV3-74*01,1,,,,,,,,1,
GAGGTGCAGCTGGTGGAGTCTGGGG,IGHV3-74*02,1,,,,,,,,1,
GAGGTGCAGCTGGTGGAGTCCGGGG,IGHV3-74*03,1,,,,,,,,1,
GAAGTGCAGCTGGTGGAGTCTGGGG,IGHV3-9*01,1,,,,,,,,,
GAAGTGCAGCTGGTGGAGTCTGGGG,IGHV3-9*02,1,,,,,,,,,
GAAGTGCAGCTGGTGGAGTCTGGGG,IGHV3-9*03,1,,,,,,,,,
CAGGTGCAGCTGGTGGAGTCTGGGG,IGHV3-NL1*01,1,,,,,,,,1,
CAGGTGCAGCTGCAGGAGTCGGGCC,IGHV4-28*01,,1,,,,,,,,
CAGGTGCAGCTGCAGGAGTCGGGCC,IGHV4-28*02,,1,,,,,,,,
CAGGTGCAGCTGCAGGAGTCGGGCC,IGHV4-28*03,,1,,,,,,,,
CAGGTGCAGCTGCAGGAGTCGGGCC,IGHV4-28*04,,1,,,,,,,,
CAGGTGCAGCTGCAGGAGTCGGGCC,IGHV4-28*05,,1,,,,,,,,
CAGGTGCAGCTACAGGAGTCGGGCC,IGHV4-28*06,,1,,,,,,,,
CAGGTACAGCTGCAGGAGTCGGGCC,IGHV4-28*07,,1,,,,,1,,,
CAGCTGCAGCTGCAGGAGTCCGGCT,IGHV4-30-2*01,,1,,,,,,,,
CAGCTGCAGCTGCAGGAGTCCGGCT,IGHV4-30-2*03,,1,,,,,,,,
CAGCTGCAGCTGCAGGAGTCCGGCT,IGHV4-30-2*05,,1,,,,,,,,
CAGCTGCAGCTGCAGGAGTCCGGCT,IGHV4-30-2*06,,1,,,,,,,,
CAGGTGCAGCTGCAGGAGTCGGGCC,IGHV4-30-4*01,,1,,,,,,,,
CAGGTGCAGCTGCAGGAGTCGGGCC,IGHV4-30-4*02,,1,,,,,,,,
CAGGTGCAGCTGCAGGAGTCGGGCC,IGHV4-30-4*07,,1,,,,,,,,
CAGGTGCAGCTGCAGGAGTCGGGCC,IGHV4-31*01,,1,,,,,,,,
CAGGTGCAGCTGCAGGAGTCGGGCC,IGHV4-31*02,,1,,,,,,,,
CAGGTGCAGCTGCAGGAGTCGGGCC,IGHV4-31*03,,1,,,,,,,,
CAGGTGCAGCTGCAGGAGTCGGGCC,IGHV4-31*10,,1,,,,,,,,
CAGGTGCAGCTACAGCAGTGGGGCG,IGHV4-34*01,,,,,1,,,,,
CAGGTGCAGCTACAACAGTGGGGCG,IGHV4-34*02,,,,,1,,,,,
CAGGTGCAGCTACAGCAGTGGGGCG,IGHV4-34*04,,,,,1,,,,,
CAGGTGCAGCTACAGCAGTGGGGCG,IGHV4-34*05,,,,,1,,,,,
CAGGTGCAGCTGCAGGAGTCGGGCC,IGHV4-34*09,,1,,,,,,,,
CAGGTGCAGCTGCAGGAGTCGGGCC,IGHV4-34*10,,1,,,,,,,,
CAGGTGCAGCTACAGCAGTGGGGCG,IGHV4-34*11,,,,,1,,,,,
CAGGTGCAGCTACAGCAGTGGGGCG,IGHV4-34*12,,,,,1,,,,,
CAGGTGCAGCTGCAGGAGTCGGGCC,IGHV4-38-2*01,,1,,,,,,,,
CAGGTGCAGCTGCAGGAGTCGGGCC,IGHV4-38-2*02,,1,,,,,,,,
CAGCTGCAGCTGCAGGAGTCGGGCC,IGHV4-39*01,,1,,,,,,,,
CAGCTGCAGCTGCAGGAGTCGGGCC,IGHV4-39*02,,1,,,,,,,,
CGGCTGCAGCTGCAGGAGTCGGGCC,IGHV4-39*06,,,,,,,,,,
CAGCTGCAGCTGCAGGAGTCGGGCC,IGHV4-39*07,,1,,,,,,,,
CAGGTGCAGCTGCAGGAGTCGGGCC,IGHV4-4*01,,1,,,,,,,,
CAGGTGCAGCTGCAGGAGTCGGGCC,IGHV4-4*02,,1,,,,,,,,
CAGGTGCAGCTGCAGGAGTCGGGCC,IGHV4-4*07,,1,,,,,,,,
CAGGTGCAGCTGCAGGAGTCGGGCC,IGHV4-4*08,,1,,,,,,,,
CAGGTGCAGCTGCAGGAGTCGGGCC,IGHV4-59*01,,1,,,,,,,,
CAGGTGCAGCTGCAGGAGTCGGGCC,IGHV4-59*02,,1,,,,,,,,
CAGGTGCAGCTGCAGGAGTCGGGCC,IGHV4-59*07,,1,,,,,,,,
CAGGTGCAGCTGCAGGAGTCGGGCC,IGHV4-59*08,,1,,,,,,,,
CAGGTGCAGCTACAGCAGTGGGGCG,IGHV4-59*10,,,,,1,,,,,
CAGGTGCAGCTGCAGGAGTCGGGCC,IGHV4-61*01,,1,,,,,,,,
CAGGTGCAGCTGCAGGAGTCGGGCC,IGHV4-61*02,,1,,,,,,,,
CAGGTGCAGCTGCAGGAGTCGGGCC,IGHV4-61*03,,1,,,,,,,,
CAGCTGCAGCTGCAGGAGTCGGGCC,IGHV4-61*05,,1,,,,,,,,
CAGGTGCAGCTGCAGGAGTCGGGCC,IGHV4-61*08,,1,,,,,,,,
GAAGTGCAGCTGGTGCAGTCTGGAG,IGHV5-10-1*01,,,1,,,,,,,
GAAGTGCAGCTGGTGCAGTCTGGAG,IGHV5-10-1*02,,,1,,,,,,,
GAAGTGCAGCTGGTGCAGTCCGGAG,IGHV5-10-1*03,,,1,,,,,,,
GAAGTGCAGCTGGTGCAGTCTGGAG,IGHV5-10-1*04,,,1,,,,,,,
GAGGTGCAGCTGGTGCAGTCTGGAG,IGHV5-51*01,,,1,,,,,,,
GAGGTGCAGCTGGTGCAGTCTGGAG,IGHV5-51*02,,,1,,,,,,,
GAGGTGCAGCTGGTGCAGTCTGGAG,IGHV5-51*03,,,1,,,,,,,
GAGGTGCAGCTGGTGCAGTCTGGAG,IGHV5-51*04,,,1,,,,,,,
CAGGTACAGCTGCAGCAGTCAGGTC,IGHV6-1*01,,,,,,,1,,,
CAGGTACAGCTGCAGCAGTCAGGTC,IGHV6-1*02,,,,,,,1,,,
CAGGTGCAGCTGGTGCAATCTGGGT,IGHV7-4-1*01,,,,,,1,,,,
CAGGTGCAGCTGGTGCAATCTGGGT,IGHV7-4-1*02,,,,,,1,,,,
CAGGTGCAGCTGGTGCAATCTGGGT,IGHV7-4-1*04,,,,,,1,,,,
CAGGTGCAGCTGGTGCAATCTGGGT,IGHV7-4-1*05,,,,,,1,,,,
