seq,gene,primer_0,primer_1,primer_2,primer_3,primer_4,primer_5,primer_6,primer_7,primer_8,primer_9,primer_10,primer_11,primer_12,primer_13,primer_14,primer_15,primer_16,primer_17,primer_18,primer_19,primer_20,primer_21,primer_22,primer_23,primer_24
GATGTTGTGATGACCCAAACTCCACTCTCC,IGKV1-110*01,,,,,,,,1,,,,,,,,,,,,,,,,,
GATGTTGTGATGACCCAAACTCCACTCTCC,IGKV1-110*02,,,,,,,,1,,,,,,,,,,,,,,,,,
GATGTTTTGATGACCCAAACTCCACTCTCC,IGKV1-117*01,,,,,,,,1,,,,,,,,,,,,,,,,,
GATGTTGTGATGACCCAAACTCCACTCTCC,IGKV1-117*02,,,,,,,,1,,,,,,,,,,,,,,,,,
GATGCTGTGATGACCCAAACTCCACTCTCC,IGKV1-122*01,,,,,,,,1,,,,,,,,,,,,,,,,,
GATGTTGTGATGACCCAGACTCCACTGTCT,IGKV1-132*01,,,,,,,,1,,,,,,,,,,,,,,,,,
GATGTTGTGATGACCCAGACTCCACTCACT,IGKV1-133*01,,,,,,,,1,,,,,,,,,,,,,,,,,
GATGTTGTGATGACCCAGACTCCACTCACT,IGKV1-135*01,,,,,,,,1,,,,,,,,,,,,,,,,,
GATGTTGTGGTGACTCAAACTCCACTCTCC,IGKV1-88*01,,,,,,,,1,,,,,,,,,,,,,,,,,
GATGTTGTTCTGACCCAAACTCCACTCTCT,IGKV1-99*01,,,,,,,,1,,,,,,,,,,,,,,,,,
GATATCCAGATGACACAGACTACATCCTCC,IGKV10-94*01,1,,,,,,,,,,,,,,,,,,,,,,,,
GATATCCAGATGACACAGACTACATCCTCC,IGKV10-94*02,1,,,,,,,,,,,,,,,,,,,,,,,,
GATATCCAGATGACACAGACTACATCCTCC,IGKV10-94*03,1,,,,,,,,,,,,,,,,,,,,,,,,
GATATCCAGATGACACAGACTACATCCTCC,IGKV10-94*04,1,,,,,,,,,,,,,,,,,,,,,,,,
GATATCCAGATGACACAGACTACATCCTCC,IGKV10-94*05,1,,,,,,,,,,,,,,,,,,,,,,,,
GATATCCAGATGACACAGACTACATCCTCC,IGKV10-94*06,1,,,,,,,,,,,,,,,,,,,,,,,,
GATATCCAGATGACACAGACTACATCCTCC,IGKV10-94*07,1,,,,,,,,,,,,,,,,,,,,,,,,
GATATCCAGATGACACAGACTACATCCTCC,IGKV10-94*08,1,,,,,,,,,,,,,,,,,,,,,,,,
GATATCCAGATGACACAGACTACTTCCTCC,IGKV10-95*01,1,,,,,,,,,,,,,,,,,,,,,,,,
GATATCCAGATGACACAGACTACATCCTCC,IGKV10-96*01,1,,,,,,,,,,,,,,,,,,,,,,,,
GATATCCAGATGACACAGACTACATCCTCC,IGKV10-96*02,1,,,,,,,,,,,,,,,,,,,,,,,,
GATATCCAGATGACACAGACTACATCCTCC,IGKV10-96*03,1,,,,,,,,,,,,,,,,,,,,,,,,
GATATCCAGATGACACAGACTACATCCTCC,IGKV10-96*04,1,,,,,,,,,,,,,,,,,,,,,,,,
GATGTCCAGATGATTCAGTCTCCATCCTCC,IGKV11-125*01,,,,,,,,,,,,,,,1,,,,,,,,,,
GACATCCAGATGACTCAGTCTCCAGCCTCC,IGKV12-38*01,,,1,,,,,,,,,,,1,,,,,,,,,,,
GACATCCAGATGACTCAGTCTCCAGCCTCC,IGKV12-41*01,,,1,,,,,,,,,,,1,,,,,,,,,,,
GACATCCAGATGACTCAGTCTCCAGCCTCC,IGKV12-41*02,,,1,,,,,,,,,,,1,,,,,,,,,,,
GACATCCAGATGACTCAGTCTCCAGCCTCC,IGKV12-44*01,,,1,,,,,,,,,,,1,,,,,,,,,,,
GACATCCAGATGACTCAGTCTCCAGCCTCC,IGKV12-46*01,,,1,,,,,,,,,,,1,,,,,,,,,,,
GACATCCAGATGACTCAGTCTCCAGCTTCA,IGKV12-89*01,,,1,,,,,,,,,,,1,,,,,,,,,,,
GACATTCAGATGACCCAGTCTCCTGCCTCC,IGKV12-98*01,,,,,,,,,,,,,,1,,,,,,,,,,,
GACATCCAGATGACTCAGTCTCCAGCCTCC,IGKV12-e*01,,,1,,,,,,,,,,,1,,,,,,,,,,,
GACATCCAGATGACACAATCTTCATCCTCC,IGKV13-84*01,,,,,,,,,,1,,,,,,,,,,,,,,,
GACATCCAGATGACACAATCTTCATCCTAC,IGKV13-85*01,,,,,,,,,,1,,,,,,,,,,,,,,,
GACATCCAGATGACACAATCTTCATCCTAC,IGKV13-85*02,,,,,,,,,,1,,,,,,,,,,,,,,,
GACATCCAGATGACACAATCTTCATCCTCC,IGKV13-85*03,,,,,,,,,,1,,,,,,,,,,,,,,,
GACATCCTGATGACCCAATCTCCATCCTCC,IGKV14-100*01,,,,,,,,,,,,,,1,,1,,,,,,,,,
GACATCAAGATGACCCAGTCTCCATCTTCC,IGKV14-111*01,,,,,,,,,,,,,,1,,,,,,,,,,,
GACATCAAGATGACCCAGTCTCCATCCTCC,IGKV14-126*01,,,,,,,,,,,,,,1,,,,,,,,,,,
GAAATCCAGATGACCCAGTCTCCATCCTCT,IGKV14-130*01,,,,,,,,,,,,,,1,,,,,,,,,,,
GATGTCCAGATAACCCAGTCTCCATCTTAT,IGKV16-104*01,,,,,,,,,,,,,,,,,1,,,,,,,,
GAAACAACTGTGACCCAGTCTCCAGCATCC,IGKV17-121*01,,,,,,,,,,,1,,,,,,,,,,,,,,
GAAACAACTGTGACCCAGTCTCCAGCATCC,IGKV17-127*01,,,,,,,,,,,1,,,,,,,,,,,,,,
ACTGGAGAAACAACACAGGCTCCAGCTTCT,IGKV18-36*01,,,,,,,,,,,,,,,,,,1,,,,,,,
GACATCCAGATGACACAGTCTCCATCCTCA,IGKV19-93*01,,,,,,,,,,1,,,,1,,,,,,,,,,,
GACATCCAGATGACACAGTCTCCATCCTCA,IGKV19-93*02,,,,,,,,,,1,,,,1,,,,,,,,,,,
GATATTGTGATGACGCAGGCTGCATTCTCC,IGKV2-109*01,,,,1,,,,,,,,,,,,,,,,,,,,,
GATATTGTGATGACGCAGGCTGCATTCTCC,IGKV2-109*02,,,,1,,,,,,,,,,,,,,,,,,,,,
GATATTGTGATGACGCAGGCTGCATTCTCC,IGKV2-109*03,,,,1,,,,,,,,,,,,,,,,,,,,,
GATATTGTGATGACGCAGGCTGCATTCTCC,IGKV2-109*04,,,,1,,,,,,,,,,,,,,,,,,,,,
GATATTGTGATAACCCAGGATGAACTCTCC,IGKV2-112*01,,,,,,,,,,,,1,,,,,,,,,,,,,
GATATTGTGATAACCCAGGATGAACTCTCC,IGKV2-112*02,,,,,,,,,,,,1,,,,,,,,,,,,,
GATATTGTGATGACTCAGGCTGCACCCTCT,IGKV2-137*01,,,,1,,,,,,,,,,,,,,,,,,,,,
GATATTGTGATGACGCAGGCTGCATTCTCC,IGKV2-a*01,,,,1,,,,,,,,,,,,,,,,,,,,,
AATATCCAGGTGATCCAGTCACCATTTCTG,IGKV20-101-2*01,,,,,,,,,,,,,,,,,,,1,,,,,,
GACATTGTGCTCACCCAATCTCCAGCTTCT,IGKV3-1*01,,,,,1,,,,,,,,,,,,,,,,,,,,
AACATTGTGCTGACCCAATCTCCAGCTTCT,IGKV3-10*01,,,,,1,,,,,,,,,,,,,,,,,,,,
GACATTGTGCTGACACAGTCTCCTGCTTCC,IGKV3-12*01,,,,,1,,,,,,,,,,,,,,,1,,,,,
GACATTGTGCTGACCCAATCTCCAGCTTCT,IGKV3-2*01,,,,,1,,,,,,,,,,,,,,,,,,,,
GACATTGTGCTGACCCAATCTCCAGCTTCT,IGKV3-3*01,,,,,1,,,,,,,,,,,,,,,,,,,,
GACATTGTGCTGACCCAATCTCCAGCTTCT,IGKV3-4*01,,,,,1,,,,,,,,,,,,,,,,,,,,
GACATTGTGCTGACCCAATCTCCAGCTTCT,IGKV3-5*01,,,,,1,,,,,,,,,,,,,,,,,,,,
GACATTGTGCTAACACAGTCTCCTGCTTCC,IGKV3-7*01,,,,,,,,,,,,,,,,,,,,1,,,,,
GACATTGTGCTGACCCAATCTCCAGCTTCT,IGKV3-9*01,,,,,1,,,,,,,,,,,,,,,,,,,,
GAAAATGTGCTCACCCAGTCTCCAGCAATC,IGKV4-50*01,,1,,,,,,,,,,,,,,,,,,,1,,,,
GAAAATGTGCTCACCCAGTCTCCAGCAATA,IGKV4-51*01,,1,,,,,,,,,,,,,,,,,,,1,,,,
GAAATTGTGCTCACCCAGTCTCCAGCACTC,IGKV4-53*01,,1,,,,,,,,,,,,,,,,,,,1,,,,
CAAATTGTTCTCACCCAGTCTCCAGCAATC,IGKV4-55*01,,1,,,,,,,,,,,,,,,,,,,,,,,
CAAATTGTTCTCACCCAGTCTCCAGCAATC,IGKV4-57*01,,1,,,,,,,,,,,,,,,,,,,,,,,
GAAAATGTGCTCACCCAGTCTCCAGCAATC,IGKV4-57-1*01,,1,,,,,,,,,,,,,,,,,,,1,,,,
GAAAATGTGCTCACCCAGTCTCCAGCAATA,IGKV4-58*01,,1,,,,,,,,,,,,,,,,,,,1,,,,
CAAATTGTTCTCACCCAGTCTCCAGCAATC,IGKV4-59*01,,1,,,,,,,,,,,,,,,,,,,,,,,
CAAATTGTTCTCACCCAGTCTCCAGCAATC,IGKV4-61*01,,1,,,,,,,,,,,,,,,,,,,,,,,
GAAAATGTTCTCACCCAGTCTCCAGCAATC,IGKV4-63*01,,1,,,,,,,,,,,,,,,,,,,1,,,,
CAAATTGTTCTCACCCAGTCTCCAGCACTC,IGKV4-68*01,,1,,,,,,,,,,,,,,,,,,,,,,,
CAAATTCTTCTCACCCAGTCTCCAGCAATC,IGKV4-69*01,,1,,,,,,,,,,,,,,,,,,,,,,,
CAAATTGTTCTCACCCAGTCTCCAGCAATC,IGKV4-70*01,,1,,,,,,,,,,,,,,,,,,,,,,,
CAAATTGTTCTCACCCAGTCTCCAGCAATC,IGKV4-71*01,,1,,,,,,,,,,,,,,,,,,,,,,,
CAAATTGTTCTCTCCCAGTCTCCAGCAATC,IGKV4-72*01,,1,,,,,,,,,,,,,,,,,,,,,,,
CAAATTGTTCTCACCCAGTCTCCAGCAATC,IGKV4-73*01,,1,,,,,,,,,,,,,,,,,,,,,,,
CAAATTGTTCTCACCCAGTCTCCAGCAATC,IGKV4-74*01,,1,,,,,,,,,,,,,,,,,,,,,,,
CAAATTGTTCTCACCCAGTCTCCAGCAATC,IGKV4-78*01,,1,,,,,,,,,,,,,,,,,,,,,,,
CAAATTGTTCTCACCCAGTCTCCAGCAATC,IGKV4-79*01,,1,,,,,,,,,,,,,,,,,,,,,,,
CAAATTGTTCTCACCCAGTCTCCAGCAATC,IGKV4-80*01,,1,,,,,,,,,,,,,,,,,,,,,,,
GAAAATGTGCTGACCCAGTCTCCAGCAATC,IGKV4-81*01,,,,,,,,,,,,,,,,,,,,,1,,,,
GAAATTGTGCTCACTCAGTCTCCAGCCATC,IGKV4-86*01,,1,,,,,,,,,,,1,,,,,,,,,,,,
GAAATTTTGCTCACCCAGTCTCCAGCAATC,IGKV4-90*01,,1,,,,,,,,,,,,,,,,,,,,,,,
GAAATTGTGCTCACCCAGTCTCCAACCACC,IGKV4-91*01,,,,,,,,,,,,,,,,,,,,,1,,,,
GAAATGGTTCTCACCCAGTCTCCAGTATCC,IGKV4-92*01,,1,,,,,,,,,,,,,,,,,,,,,,,
GACATCCTGCTGACCCAGTCTCCAGCCACC,IGKV5-37*01,,,,,,,,,,,,,,1,,1,,,,,,,1,,
GACATTGTGATGACTCAGTCTCCAGCCACC,IGKV5-39*01,,,,,,,,,,,,,,,,,,,,,,1,,1,
GATATTGTGCTAACTCAGTCTCCAGCCACC,IGKV5-43*01,,,,,,,,,,,,,1,,,,,,,,,,,,
GATATTGTGCTAACTCAGTCTCCAGCCACC,IGKV5-45*01,,,,,,,,,,,,,1,,,,,,,,,,,,
GACATCTTGCTGACTCAGTCTCCAGCCATC,IGKV5-48*01,,,,,,,,,,,,,,,,,,,,,,,1,,
GACATTGTGATGACCCAGTCTCAAAAATTC,IGKV6-13*01,,,,,,,,,1,,,,,,,,,,,,,,,1,
GACATTGTGATGACCCAGTCTCAAAAATTC,IGKV6-14*01,,,,,,,,,1,,,,,,,,,,,,,,,1,
GACATTGTGATGACCCAGTCTCAAAAATTC,IGKV6-15*01,,,,,,,,,1,,,,,,,,,,,,,,,1,
GACATTGTGATGACCCAGTCTCACAAATTC,IGKV6-17*01,,,,,,,,,1,,,,,,,,,,,,,,,1,
AACATTGTAATGACCCAATCTCCCAAATCC,IGKV6-20*01,,,,,1,,,,,,,,,,,,,,,,,,,,
GACATTGTGATGACCCAGTCTCACAAATTC,IGKV6-23*01,,,,,,,,,1,,,,,,,,,,,,,,,1,
GACATTGTGATGACCCAGTCTCACAAATTC,IGKV6-25*01,,,,,,,,,1,,,,,,,,,,,,,,,1,
AACATTGTAATGACCCAATCTCCCAAATCC,IGKV6-29*01,,,,,1,,,,,,,,,,,,,,,,,,,,
AGTATTGTGATGACCCAGACTCCCAAATTC,IGKV6-32*01,,,,,,1,,,,,,,,,,,,,,,,,,1,
AGTATTGTGATGACCCAGACTCCCAAATTC,IGKV6-32*02,,,,,,1,,,,,,,,,,,,,,,,,,1,
AGTATTGTGATGACCCAGACTCCCAAATTC,IGKV6-b*01,,,,,,1,,,,,,,,,,,,,,,,,,1,
AGTATTGTGATGACCCAGACTCCCAAATTC,IGKV6-c*01,,,,,,1,,,,,,,,,,,,,,,,,,1,
AGCATTGTGATGACCCAGTCTCCCAAATCC,IGKV6-d*01,,,,,,1,,,,,,,,,,,,,,,,,,1,
GACATTGTGATGACTCAGTCTCCAACTTTC,IGKV7-33*01,,,,,,,,,,,,,,,,,,,,,,,,1,
GAAATTGTGTTGACCCAGTCTATACCATCC,IGKV8-16*01,,,,,,,,,,,,,,,,,,,,,,,,,1
GACATTGTGATGACACAGTCTCCATCCTCC,IGKV8-19*01,,,,,,,1,,,,,,,,,,,,,,,,,1,
GACATTGTGATGTCACAGTCTCCATCCTCC,IGKV8-21*01,,,,,,,1,,,,,,,,,,,,,,,,,,
GACATTGTGATGACACAGTCTCCATCCTCC,IGKV8-24*01,,,,,,,1,,,,,,,,,,,,,,,,,1,
AACATTATGATGACACAGTCGCCATCATCT,IGKV8-27*01,,,,,,,1,,,,,,,,,,,,,,,,,,
GACATTGTGATGACACAGTCTCCATCCTCC,IGKV8-28*01,,,,,,,1,,,,,,,,,,,,,,,,,1,
GACATTGTGATGACACAGTCTCCATCCTCC,IGKV8-28*02,,,,,,,1,,,,,,,,,,,,,,,,,1,
GACATTGTGATGTCACAGTCTCCATCCTCC,IGKV8-30*01,,,,,,,1,,,,,,,,,,,,,,,,,,
GACATTTTGATGACCCAGTCTCCATCCTCC,IGKV8-34*01,,,,,,,1,,,,,,,,,,,,,,,,,1,
GACATCCAGATGACCCAGTCTCCATCCTCC,IGKV9-120*01,,,,,,,,,,,,,,1,,1,,,,,,,,,
GACATCCAGATGATTCAGTCTCCATCGTCC,IGKV9-123*01,,,,,,,,,,,,,,1,1,,,,,,,,,,
GACATCCAGATGACCCAGTCTCCATCCTCC,IGKV9-124*01,,,,,,,,,,,,,,1,,1,,,,,,,,,
