seq,gene,primer_0,primer_1,primer_2,primer_3,primer_4,primer_5,primer_6,primer_7,primer_8,primer_9,primer_10,primer_11,primer_12,primer_13,primer_14,primer_15,primer_16
CAGTCTGTGCTGACTCAGCCACCCTCGGTG,IGLV1-36*01,,,1,,,,,,,,,1,,,,,
CAGTCTGTGCTGACGCAGCCGCCCTCAGTG,IGLV1-40*01,,,,,,,,,,,,,,,,,
CAGTCTGTCGTGACGCAGCCGCCCTCAGTG,IGLV1-40*02,,,,,,,,,1,,,,,,,,
CAGTCTGTCGTGACGCAGCCGCCCTCAGTG,IGLV1-40*03,,,,,,,,,1,,,,,,,,
CAGTCTGTGCTGACTCAGCCACCCTCAGCG,IGLV1-44*01,,,1,,,,,,,,,1,,,,,
CAGTCTGTGCTGACTCAGCCACCCTCAGCG,IGLV1-47*01,,,1,,,,,,,,,1,,,,,
CAGTCTGTGCTGACTCAGCCACCCTCAGCG,IGLV1-47*02,,,1,,,,,,,,,1,,,,,
CAGTCTGTGTTGACGCAGCCGCCCTCAGTG,IGLV1-51*01,,,,,,,,,,,,,,,,,
CAGTCTGTGTTGACGCAGCCGCCCTCAGTG,IGLV1-51*02,,,,,,,,,,,,,,,,,
CAGGCAGGGCTGACTCAGCCACCCTCGGTG,IGLV10-54*01,,,1,,,,,,,,,,,,,,
CAGGCAGGGCTGACTCAGCCACCCTCGGTG,IGLV10-54*02,,,1,,,,,,,,,,,,,,
CAGTCTGCCCTGACTCAGCCTCGCTCAGTG,IGLV2-11*01,,,,,,,,,,1,,,,,,,
CAGTCTGCCCTGACTCAGCCTCGCTCAGTG,IGLV2-11*02,,,,,,,,,,1,,,,,,,
CAGTCTGCCCTGACTCAGCCTGCCTCCGTG,IGLV2-14*01,1,,,,,,,,,,,,,,,,
CAGTCTGCCCTGACTCAGCCTGCCTCCGTG,IGLV2-14*02,1,,,,,,,,,,,,,,,,
CAGTCTGCCCTGACTCAGCCTCCCTCCGTG,IGLV2-18*01,,1,,,,,,,,,,,,,,,
CAGTCTGCCCTGACTCAGCCTCCCTCCGTG,IGLV2-18*02,,1,,,,,,,,,,,,,,,
CAGTCTGCCCTGACTCAGCCTCCCTCCGTG,IGLV2-18*03,,1,,,,,,,,,,,,,,,
CAGTCTGCCCTGACTCAGCCTCCCTCCGTG,IGLV2-18*04,,1,,,,,,,,,,,,,,,
CAGTCTGCCCTGACTCAGCCTGCCTCCGTG,IGLV2-23*01,1,,,,,,,,,,,,,,,,
CAGTCTGCCCTGACTCAGCCTGCCTCCGTG,IGLV2-23*02,1,,,,,,,,,,,,,,,,
CAGTCTGCCCTGACTCAGCCTGCCTCCGTG,IGLV2-23*03,1,,,,,,,,,,,,,,,,
CAGTCTGCCCTGACTCAGCCTCCCTCCGCG,IGLV2-8*01,,1,,,,,,,,,,,,,,,
CAGTCTGCCCTGACTCAGCCTCCCTCCGCG,IGLV2-8*02,,1,,,,,,,,,,,,,,,
TCCTATGAGCTGACTCAGCCACCCTCAGTG,IGLV3-1*01,,,1,1,,,,,,,1,,,,,,
TCCTATGAGCTGACACAGCCACCCTCGGTG,IGLV3-10*01,,,,1,,,,,,,,,,,,1,
TCCTATGAGCTGACTCAGCCACACTCAGTG,IGLV3-12*01,,,,,,,,,,,1,,,,,,
TCCTATGAGCTGACTCAGCCACACTCAGTG,IGLV3-12*02,,,,,,,,,,,1,,,,,,
TCCTATGAGCTGACACAGCCACCCTCGGTG,IGLV3-16*01,,,,1,,,,,,,,,,,,1,
TCTTCTGAGCTGACTCAGGACCCTGCTGTG,IGLV3-19*01,,,,,,,,,,,,,,1,,,
TCCTATGTGCTGACTCAGCCACCCTCAGTG,IGLV3-21*01,,,1,,,,,,,,,1,,,,,
TCCTATGTGCTGACTCAGCCACCCTCGGTG,IGLV3-21*02,,,1,,,,,,,,,1,,,,,
TCCTATGTGCTGACTCAGCCACCCTCGGTG,IGLV3-21*03,,,1,,,,,,,,,1,,,,,
TCCTATGAGCTGACACAGCTACCCTCGGTG,IGLV3-22*01,,,,1,,,,,,,,,,,,,
TCCTATGAGCTGATGCAGCCACCCTCGGTG,IGLV3-25*01,,,,,,,,,,,,,,,1,,
TCCTATGAGCTGACACAGCCACCCTCGGTG,IGLV3-25*02,,,,1,,,,,,,,,,,,1,
TCCTATGAGCTGACACAGCCATCCTCAGTG,IGLV3-27*01,,,,,,,,,,,,,,,,1,
TCCTATGAGCTGACTCAGCCACTCTCAGTG,IGLV3-9*01,,,,,,,,,,,1,,,,,,
TCCTATGAGCTGACTCAGCCACTCTCAGTG,IGLV3-9*02,,,,,,,,,,,1,,,,,,
CTGCCTGTGCTGACTCAGCCCCCGTCTGCA,IGLV4-3*01,,,1,,,,,,,,,,,,,,1
CAGCCTGTGCTGACTCAATCATCCTCTGCC,IGLV4-60*01,,,,,1,,,,,,,,,,,,
CAGCCTGTGCTGACTCAATCATCCTCTGCC,IGLV4-60*02,,,,,1,,,,,,,,,,,,
CAGCCTGTGCTGACTCAATCATCCTCTGCC,IGLV4-60*03,,,,,1,,,,,,,,,,,,
CAGCTTGTGCTGACTCAATCGCCCTCTGCC,IGLV4-69*01,,,,,,,,,,,,,,,,,
CAGCTTGTGCTGACTCAATCGCCCTCTGCC,IGLV4-69*02,,,,,,,,,,,,,,,,,
CAGCCTGTGCTGACTCAGCCACCTTCCTCC,IGLV5-37*01,,,,,,,,1,,,,,,,,,
CAGCCTGTGCTGACTCAGCCAACCTCCCTC,IGLV5-39*01,,,,,,,,,,,,1,,,,,
CAGCCTGTGCTGACTCAGCCAACCTCCCTC,IGLV5-39*02,,,,,,,,,,,,1,,,,,
CAGGCTGTGCTGACTCAGCCGGCTTCCCTC,IGLV5-45*01,,,,,,1,,,,,,,,,,,
CAGGCTGTGCTGACTCAGCCGTCTTCCCTC,IGLV5-45*02,,,,,,1,,,,,,,,,,,
CAGGCTGTGCTGACTCAGCCGTCTTCCCTC,IGLV5-45*03,,,,,,1,,,,,,,,,,,
CAGGCTGTGCTGACTCAGCCGTCTTCCCTC,IGLV5-45*04,,,,,,1,,,,,,,,,,,
CAGCCTGTGCTGACTCAGCCATCTTCCCAT,IGLV5-52*01,,,,,,1,,1,,,,,,,,,
AATTTTATGCTGACTCAGCCCCACTCTGTG,IGLV6-57*01,,,,,,,,,,,,,,,,,
AATTTTATGCTGACTCAGCCCCACTCTGTG,IGLV6-57*02,,,,,,,,,,,,,,,,,
CAGACTGTGGTGACTCAGGAGCCCTCACTG,IGLV7-43*01,,,,,,,1,,,,,,,,,,
CAGGCTGTGGTGACTCAGGAGCCCTCACTG,IGLV7-46*01,,,,,,,1,,,,,,,,,,
CAGGCTGTGGTGACTCAGGAGCCCTCACTG,IGLV7-46*02,,,,,,,1,,,,,,,,,,
CAGACTGTGGTGACCCAGGAGCCATCGTTC,IGLV8-61*01,,,,,,,,,,,,,1,,,,
CAGACTGTGGTGACCCAGGAGCCATCGTTC,IGLV8-61*02,,,,,,,,,,,,,1,,,,
CAGCCTGTGCTGACTCAGCCACCTTCTGCA,IGLV9-49*01,,,,,,,,1,,,,,,,,,
CAGCCTGTGCTGACTCAGCCACCTTCTGCA,IGLV9-49*02,,,,,,,,1,,,,,,,,,
CAGCCTGTGCTGACTCAGCCACCTTCTGCA,IGLV9-49*03,,,,,,,,1,,,,,,,,,
