seq,gene,primer_0,primer_1,primer_2,primer_3,primer_4,primer_5,primer_6,primer_7,primer_8,primer_9,primer_10,primer_11,primer_12,primer_13,primer_14,primer_15,primer_16,primer_17,primer_18,primer_19,primer_20,primer_21,primer_22,primer_23,primer_24,primer_25,primer_26,primer_27
CAGATCCAGCTGCAACAGTCAGGAGCTGAG,IGHV1-11*01,,,,,1,,,,,,,,,1,,,,,,,,,,,,,,
CAGGCTTATCTACAGCAGTCTGGGGCTGAG,IGHV1-12*01,,,,,,,,,,,,,,,,,,,1,,,,,,,,,
GAGTTCCAGCTGCAGCAGTCTGGACCTGAG,IGHV1-14*01,,,,,,,,,,,,,,1,,,,,,,,,,,,,,
CAGGTTCAACTGCAGCAGTCTGGGGCTGAG,IGHV1-15*01,,,,,,,1,,,,,,,,,,,,,,,,,,,,,
GAGGTCCAGCTGCAACAGTCTGGACCTGAG,IGHV1-18*01,,,,,1,,,,,,,1,,,,,,,,,,,,,,,,
GAGGTCCAGCTGCAACAGTTTGGACCTGAG,IGHV1-18*02,,,,,,,,,,,,,,,,1,,,,,,,,,,,,
GAGGTCCTGCTGCAACAGTCTGGACCTGAG,IGHV1-18*03,,,,,1,,,,,,,,,,,,,,,,,,,,,,,
GAGGTCCAGCTGCAACAGTCTGGACCTGTG,IGHV1-19*01,,,,,1,,,,,,,1,,,,,,,,,,,,,,,,
GAGGTTCAGCTGCAGCAGTCTGGACCTGAG,IGHV1-20*01,,,,,,,1,,,,,,,,,,,,,,,,,,,,,
GAGGTTCAGCTGCAGCAGTCTGGACCTGAG,IGHV1-20*02,,,,,,,1,,,,,,,,,,,,,,,,,,,,,
GAGGTCCAGCTGCAACAGTCTGGACCTGAG,IGHV1-22*01,,,,,1,,,,,,,1,,,,,,,,,,,,,,,,
GAGGTCCAGCTGCAACAATCTGGACCTGAG,IGHV1-26*01,,,,,,,,,,,,1,,,,,,,,,,,,,,,,
GAGGTTCAGCTGCAGCAGTCTGGACCTGAG,IGHV1-31*01,,,,,,,1,,,,,,,,,,,,,,,,,,,,,
GAGGTCCAGCTGCAACAGTCTGGACCTGAG,IGHV1-34*01,,,,,1,,,,,,,1,,,,,,,,,,,,,,,,
GAGGTCCAGCTGCAACAGTCTGGACCTGAG,IGHV1-34*02,,,,,1,,,,,,,1,,,,,,,,,,,,,,,,
GAGGTCCAGCTGCAACAGTCTGGACCTGTG,IGHV1-36*01,,,,,1,,,,,,,1,,,,,,,,,,,,,,,,
GAGGTTCAGCTGCAGCAGTCTGGACCTGAG,IGHV1-37*01,,,,,,,1,,,,,,,,,,,,,,,,,,,,,
GAGTTCCAGCTGCAGCAGTCTGGACCTGAG,IGHV1-39*01,,,,,,,,,,,,,,1,,,,,,,,,,,,,,
CAGGTCCAGCTGCAGCAGTCTGGGGCTGAA,IGHV1-4*01,,,,,1,,1,,,,,,,1,,,,,,,,,,,,,,
CAGGTCCAGCTGCAGCAGTCTGCAGCTGAA,IGHV1-4*02,,,,,1,,1,,,,,,,1,,,,,,,,,,,,,,
GAGGTCCAGCTGCAGCAGTCTGGACCTGAG,IGHV1-42*01,,,,,1,,1,,,,,,,1,,,,,,,,,,,,,,
GAGGTCCAGCTGCAGCAGTCTGGACCTGAG,IGHV1-42*02,,,,,1,,1,,,,,,,1,,,,,,,,,,,,,,
GAGGTCAAGCTGCAGCAGTCTGGACCTGAG,IGHV1-43*01,,,,,,,,,,,,,,,,,,,,,,,,,,,,
CAGGTTCAGCTGCAGCAGTCTGGGGCTGAG,IGHV1-47*01,,,,,,,1,,,,,,,,,,,,,,,,,,,,,
CAGCGTGAGCTGCAGCAGTCTGGAGCTGAG,IGHV1-49*01,,,,,,,,,,,,,,,,,,,,1,,,,,,,,
GAGGTTCAGCTCCAGCAGTCTGGGACTGTG,IGHV1-5*01,,,,,,,1,,,,,,,,,,,,,,,,,,,,,
CAGGTCCAACTGCAGCAGCCTGGGGCTGAG,IGHV1-50*01,1,,,,,,,,,,,,,,,,,,,,,,,,,,,
CAGGTCCAACTGCAGCAGCCTGGGGCTGAG,IGHV1-52*01,1,,,,,,,,,,,,,,,,,,,,,,,,,,,
CAGGTCCAACTGCAGCAGCCTGGGACTGAA,IGHV1-53*01,1,,,,,,,,,,,,,,,,,,,,,,,,,,,
CAGGTCCAACTGCAGCAGCCTGGGACTGAA,IGHV1-53*02,1,,,,,,,,,,,,,,,,,,,,,,,,,,,
CAGGTCCAACTGCAGCAGCCTGGGACTGAA,IGHV1-53*03,1,,,,,,,,,,,,,,,,,,,,,,,,,,,
CAGGTCCAACTGCAGCAGCCTGGGGCTGAG,IGHV1-53*04,1,,,,,,,,,,,,,,,,,,,,,,,,,,,
CAGGTCCAGCTGCAGCAGTCTGGAGCTGAG,IGHV1-54*01,,,,,1,,1,,,,,,,1,,,,,,,,,,,,,,
CAGGTCCAGCTGCAGCAGTCTGGAGCTGAG,IGHV1-54*02,,,,,1,,1,,,,,,,1,,,,,,,,,,,,,,
CAGGTCCAGTTGCAGCAGTCTGGAGCTGAG,IGHV1-54*03,,,,,,,,,,,,,,,,,,,,,,,,,,,,
CAGGTCCAACTGCAGCAGCCTGGGGCTGAG,IGHV1-55*01,1,,,,,,,,,,,,,,,,,,,,,,,,,,,
CAGGTCCAACTGCAGCAGCCTGGGGCTGAG,IGHV1-55*02,1,,,,,,,,,,,,,,,,,,,,,,,,,,,
CAGGTCCAACTGCAGCAGCCTGGGGCTGAG,IGHV1-55*03,1,,,,,,,,,,,,,,,,,,,,,,,,,,,
CAGGTCCAACTGCAGCAGCCTGGGGCTGAG,IGHV1-55*04,1,,,,,,,,,,,,,,,,,,,,,,,,,,,
CAGGTTCAGCTGCAGCAGTCTGGACCTGAG,IGHV1-56*01,,,,,,,1,,,,,,,,,,,,,,,,,,,,,
CAGGTCCAGCTGCAGCAGTCTGGACCTGAG,IGHV1-56*02,,,,,1,,1,,,,,,,1,,,,,,,,,,,,,,
GAGGTCCAGCTTCAGCAGTCTGGAGCTGAG,IGHV1-58*01,,,,,,,,,,,,,,,,,,,,,,,,,,,,
CAGGTCCAACTGCAGCAGCCTGGGGCTGAG,IGHV1-59*01,1,,,,,,,,,,,,,,,,,,,,,,,,,,,
CAGGTCCAACTGCAGCAGCCTGGGGCTGAG,IGHV1-61*01,1,,,,,,,,,,,,,,,,,,,,,,,,,,,
CAGGTCCAGCTGCAGCAGTCTGGAGCTGAG,IGHV1-62-1*01,,,,,1,,1,,,,,,,1,,,,,,,,,,,,,,
CAGGTCCAGCTGCAGCAGTCTGGAGCTGAG,IGHV1-62-2*01,,,,,1,,1,,,,,,,1,,,,,,,,,,,,,,
CAGGTCCAACTGCAGCAGCCTGGGGCTGAG,IGHV1-62-3*02,1,,,,,,,,,,,,,,,,,,,,,,,,,,,
CAGGTCCAGCTGCAGCAGTCTGGAGCTGAG,IGHV1-63*01,,,,,1,,1,,,,,,,1,,,,,,,,,,,,,,
CAGGTCCAGCTGCAGCAGTCTGGAGCTGAG,IGHV1-63*02,,,,,1,,1,,,,,,,1,,,,,,,,,,,,,,
CAGGTCCAACTGCAGCAGCCTGGGGCTGAG,IGHV1-64*01,1,,,,,,,,,,,,,,,,,,,,,,,,,,,
CAGGTCCAACTGCAGCAGCCTGGGGCTGAG,IGHV1-64*02,1,,,,,,,,,,,,,,,,,,,,,,,,,,,
CAGGTCCAGCTGCAGCAGTCTGGACCTGAG,IGHV1-66*01,,,,,1,,1,,,,,,,1,,,,,,,,,,,,,,
CAGGTCCAACTGCAGCAGCCTGGGGCTGAG,IGHV1-69*01,1,,,,,,,,,,,,,,,,,,,,,,,,,,,
CAGGTCCAACTGCAGCAGCCTGGGGCTGAG,IGHV1-69*02,1,,,,,,,,,,,,,,,,,,,,,,,,,,,
CAGGTCCAACTGCAGCAGCCTGGGGCTGAG,IGHV1-69*03,1,,,,,,,,,,,,,,,,,,,,,,,,,,,
CAGGTCCAGCTGCAGCAGTCTGGGGCTGAA,IGHV1-7*01,,,,,1,,1,,,,,,,1,,,,,,,,,,,,,,
CAGGTCCAGCTGCAGCAGTCTGGAGCTGAG,IGHV1-71*01,,,,,1,,1,,,,,,,1,,,,,,,,,,,,,,
CAGGTCCAACTGCAGCAGCCTGGGGCTGAG,IGHV1-72*01,1,,,,,,,,,,,,,,,,,,,,,,,,,,,
GAGGTCCAACTGCAGCAGCCTGGGGCTGAG,IGHV1-72*02,1,,,,,,,,,,,,,,,,,,,,,,,,,,,
CAGGTCCAACTGCAGCAGCCTGGGGCTGAG,IGHV1-72*03,1,,,,,,,,,,,,,,,,,,,,,,,,,,,
CAGGTCCAACTGCAGCAGCCTGGGGCTGAG,IGHV1-72*04,1,,,,,,,,,,,,,,,,,,,,,,,,,,,
CAGGTCCAACTGCAGCAGCCTGGGGCTGAG,IGHV1-72*05,1,,,,,,,,,,,,,,,,,,,,,,,,,,,
CAGGTCCAACTGCAGCAGCCTGGGGCTGAA,IGHV1-74*01,1,,,,,,,,,,,,,,,,,,,,,,,,,,,
GAGGTCCAACTGCAGCAGCCTGGGGCTGAA,IGHV1-74*02,1,,,,,,,,,,,,,,,,,,,,,,,,,,,
CAGGTCCAACTGCAGCAGCCTGGGGCTGAA,IGHV1-74*03,1,,,,,,,,,,,,,,,,,,,,,,,,,,,
CATGTCCAACTGCAGCAGCCTGGGGCTGAG,IGHV1-74*04,1,,,,,,,,,,,,,,,,,,,,,,,,,,,
CAGGTCCAGCTACAGCAGTCTGGACCTGAG,IGHV1-75*01,,,,,,,,,,,,,,,,,,,,,,,,,,,,
CAGGTCCAGCTGAAGCAGTCTGGGGCTGAG,IGHV1-76*01,,,,,,,,,,,,,,,,,,,,,,,,,,,,
CAGGTCCAGCTGAAGCAGTCTGGAGCTGAG,IGHV1-77*01,,,,,,,,,,,,,,,,,,,,,,,,,,,,
CAGGTTCAGCTGCAACAGTCTGACGCTGAG,IGHV1-78*01,,,,,1,,1,,,,,,,,,,,,,,,,,,,,,
CAGGTTCAGCTGCAGCAGTCTGGGGCTGAG,IGHV1-80*01,,,,,,,1,,,,,,,,,,,,,,,,,,,,,
CAGGTTCAGCTGCAGCAGTCTGGAGCTGAG,IGHV1-81*01,,,,,,,1,,,,,,,,,,,,,,,,,,,,,
CAGGTTCAGCTGCAGCAGTCTGGACCTGAG,IGHV1-82*01,,,,,,,1,,,,,,,,,,,,,,,,,,,,,
CAGATCCAGCTGCAGCAGTCTGGACCTGAG,IGHV1-84*01,,,,,,,,,,,,,,1,,,,,,,,,,,,,,
CAGATCCAGCTGCAGCAGTCTGGACCTGAG,IGHV1-84*02,,,,,,,,,,,,,,1,,,,,,,,,,,,,,
CAGGTTCAGCTGCAGCAGTCTGGACCTGAG,IGHV1-85*01,,,,,,,1,,,,,,,,,,,,,,,,,,,,,
CAGGTTCAGCTCCAGCAGTCTGGGGCTGAG,IGHV1-87*01,,,,,,,1,,,,,,,,,,,,,,,,,,,,,
CAGGTTCAGCTGCAGCAGTCTGGAGCTGAG,IGHV1-9*01,,,,,,,1,,,,,,,,,,,,,,,,,,,,,
GAGGTGCAGCTTGTTGAGTCTGGTGGAGGA,IGHV10-1*01,,,,,,,,1,,,,,,,,,,,,,,,,,,,,
GAGGTGCAGCTTGTTGAGTCTGGTGGAGGA,IGHV10-1*02,,,,,,,,1,,,,,,,,,,,,,,,,,,,,
GAGGTGCAGCTTGTTGAGTCTGGTGGAGGA,IGHV10-3*01,,,,,,,,1,,,,,,,,,,,,,,,,,,,,
GAGGTGCAGCTTGTTGAGTCTGGTGGAGGA,IGHV10-3*02,,,,,,,,1,,,,,,,,,,,,,,,,,,,,
GAGGTGCAGCTTGTTGAGTCTGGTGGAGGA,IGHV10-3*03,,,,,,,,1,,,,,,,,,,,,,,,,,,,,
GAGGTGCAGCTTGTTGAGACTGGTGGAGGA,IGHV10S3*01,,,,,,,,1,,,,,,,,,,,,,,,,,,,,
GAGGTGCAGCTTGTTGAGACTGGTGGAGGA,IGHV10S4*01,,,,,,,,1,,,,,,,,,,,,,,,,,,,,
GAAGTGCAGCTGTTGGAGACTGGAGAAGGC,IGHV11-1*01,,,,,,,,,,1,,,,,,,,,,,,,,,,,,
GAAGTGCAGCTGTTGGAGACTGGAGGAGGC,IGHV11-1*02,,,,,,,,,,1,,,,,,,,,,,,,,,,,,
GAAGTGCAGCTGTTGGAGACTGGAGGAGGC,IGHV11-2*01,,,,,,,,,,1,,,,,,,,,,,,,,,,,,
GAAGTGCAGCTGTTGGAGACTGGAGGAGGC,IGHV11-2*02,,,,,,,,,,1,,,,,,,,,,,,,,,,,,
CAGATTCAGCTTAAGGAGTCTGGACCTGCT,IGHV12-1-1*01,,,,,,,,,,,,,,,,,,,,,1,,,,,,,
CAGATGCAGCTTCAGGAGTCAGGACCTGGC,IGHV12-3*01,,,,,,,,,,,,,,,,,,,,,,,,,,,,
CAGATGCAGCTTCAGGAGTCAGGACCTGGC,IGHV12-3*02,,,,,,,,,,,,,,,,,,,,,,,,,,,,
CAGGTGCAGCTTGTAGAGACCGGGGGAGGC,IGHV13-2*01,,,,,,,,,,,,,1,,,,,,,,,,,,,,,
CAGGTGCAGCTTGTAGAGACCGGGGGAGGC,IGHV13-2*02,,,,,,,,,,,,,1,,,,,,,,,,,,,,,
CAGGTGCAGCTTGTAGAGACCGGGGGAGGC,IGHV13-2*03,,,,,,,,,,,,,1,,,,,,,,,,,,,,,
GAGGTTCAGCTGCAGCAGTCTGGGGCAGAG,IGHV14-1*01,,,,,,,1,,,,,,,,,,,,,,,,,,,,,
GAGGTTCAGCTGCAGCAGTCTGGGGCTGAG,IGHV14-1*02,,,,,,,1,,,,,,,,,,,,,,,,,,,,,
GAGGTTCAGCTGCAGCAGTCTGGGGCAGAG,IGHV14-2*01,,,,,,,1,,,,,,,,,,,,,,,,,,,,,
GAGGTTCAGCTGCAGCAGTCTGTGGCAGAG,IGHV14-3*01,,,,,,,1,,,,,,,,,,,,,,,,,,,,,
GAGGTTCAGCTGCAGCAGTCTGGGGCAGAG,IGHV14-3*02,,,,,,,1,,,,,,,,,,,,,,,,,,,,,
GAGGTTCAGCTGCAGCAGTCTGGGGCTGAG,IGHV14-4*01,,,,,,,1,,,,,,,,,,,,,,,,,,,,,
GAGGTTCAGCTGCAGCAGTCTGGGGCAGAG,IGHV14-4*02,,,,,,,1,,,,,,,,,,,,,,,,,,,,,
CAGGTTCACCTACAACAGTCTGGTTCTGAA,IGHV15-2*01,,,,,,,,,,,,,,,1,,,,,,,,,,,,,
CAGGTTCACCTACAACAGTCTGGTTCTGAA,IGHV15-2*02,,,,,,,,,,,,,,,1,,,,,,,,,,,,,
GAGGTCCAGCTGCAACAGTCTGGACCTGAG,IGHV1S100*01,,,,,1,,,,,,,1,,,,,,,,,,,,,,,,
GAGGTCCAGCTGCAGCAGTCTGGACCTGAG,IGHV1S103*01,,,,,1,,1,,,,,,,1,,,,,,,,,,,,,,
GAGGTCCAGCTGCAACAATCTGGACCTGAG,IGHV1S107*01,,,,,,,,,,,,1,,,,,,,,,,,,,,,,
GAGGTCCAGCTGCAACAATCTGGACCTGAG,IGHV1S108*01,,,,,,,,,,,,1,,,,,,,,,,,,,,,,
GAGGTCCAGCTGCAACAGTTTGGAGCTGAG,IGHV1S111*01,,,,,,,,,,,,,,,,1,,,,,,,,,,,,
GAGGTCCAGCTGCAACAGTTTGGAGCTGAG,IGHV1S112*02,,,,,,,,,,,,,,,,1,,,,,,,,,,,,
GAGGTCCAGCTGCAACAGTCTGGACCTGAG,IGHV1S113*01,,,,,1,,,,,,,1,,,,,,,,,,,,,,,,
GAGGTCCAGCTGCAACAGTCTGGACCTGAG,IGHV1S113*02,,,,,1,,,,,,,1,,,,,,,,,,,,,,,,
GAGGTCCTGCTGCAACAGTCTGGACCTGAG,IGHV1S118*01,,,,,1,,,,,,,,,,,,,,,,,,,,,,,
CAGGTCCAGCTGCAGCAATCTGGACCTGAG,IGHV1S12*01,,,,,,,,,,,,1,,,,,,,,,,,,,,,,
CAGGTCCAACTGCAGCAGTCTGGGGCTGAA,IGHV1S120*01,,,,,,,,,,,,,,,,,,,,,,,,,,,,
CAGGTCCAACTGCAGCAGCCTGGGGCTGAA,IGHV1S120*02,1,,,,,,,,,,,,,,,,,,,,,,,,,,,
CAGGTGCAACTGCAGCAGCCTGGGGCTGAG,IGHV1S121*01,1,,,,,,,,,,,,,,,,,,,,,,,,,,,
CAGGTCCAACTCCAGCAGCCTGGGGCTGAA,IGHV1S122*01,1,,,,,,,,,,,,,,,,,,,,,,,,,,,
CAGGTGCAACTGCAGCAGCCTGGGGCTGAG,IGHV1S126*01,1,,,,,,,,,,,,,,,,,,,,,,,,,,,
CAGGTCCAACTGCAGCAGCCTGGGGCTGAG,IGHV1S127*01,1,,,,,,,,,,,,,,,,,,,,,,,,,,,
CAGGTCCAACTGCAGCAGCCTGGGTCTGTG,IGHV1S130*01,1,,,,,,,,,,,,,,,,,,,,,,,,,,,
CAGGTCCAGCTGCAGCAGTCTGGAGCTGAG,IGHV1S132*01,,,,,1,,1,,,,,,,1,,,,,,,,,,,,,,
GAGGTCCAGCTTCAGCAGTCTGGAGCTGAG,IGHV1S134*01,,,,,,,,,,,,,,,,,,,,,,,,,,,,
GAGATCCAGCTGCAGCAGTCTGGACCTGAG,IGHV1S135*01,,,,,,,,,,,,,,1,,,,,,,,,,,,,,
GAGGTCCAGCTGCAGCAGTCTGGACCTGAG,IGHV1S136*01,,,,,1,,1,,,,,,,1,,,,,,,,,,,,,,
CAGGTCCAGCTGCAGCAGTCTGGGGCTGAG,IGHV1S137*01,,,,,1,,1,,,,,,,1,,,,,,,,,,,,,,
CAGGTCCAACTGCAGCAGCCTGGGTCTGTG,IGHV1S14*01,1,,,,,,,,,,,,,,,,,,,,,,,,,,,
CAGGTCCAGCTGCAGCAGTCTGGGGCTGAA,IGHV1S26*01,,,,,1,,1,,,,,,,1,,,,,,,,,,,,,,
GAGGTCCAGCTTCAGCAGTCAGGACCTGAG,IGHV1S29*01,,,,,,,,,,,,,,,,,,,,,,,,,,,,
GAGGTCCAGCTTCAGCAGTCAGGACCTGAG,IGHV1S29*02,,,,,,,,,,,,,,,,,,,,,,,,,,,,
CAGGTCCAACTGCAGCAGCCTGGGGCTGTG,IGHV1S35*01,1,,,,,,,,,,,,,,,,,,,,,,,,,,,
CCGGTCCAACTGCAGCAGCCTGGGGCTGAG,IGHV1S36*01,1,,,,,,,,,,,,,,,,,,,,,,,,,,,
CCGGTCCAACTGCAGCAGCCTGGGGCTGAG,IGHV1S36*02,1,,,,,,,,,,,,,,,,,,,,,,,,,,,
CAGGTCCAGCTGCAGCAATCTGGACCTGAG,IGHV1S40*01,,,,,,,,,,,,1,,,,,,,,,,,,,,,,
GAGATCCAGCTGCAACAGTCTGGACCTGAG,IGHV1S44*01,,,,,1,,,,,,,,,1,,,,,,,,,,,,,,
GAAGTCCAGCTGCAACAGTCTGGACCTGAG,IGHV1S45*01,,,,,1,,,,,,,,,,,,,,,,,,,,,,,
GAGGTCCAGCTGCAACAGTCTGGACCTGAG,IGHV1S46*01,,,,,1,,,,,,,1,,,,,,,,,,,,,,,,
GAGGTCCAGCTTCAGCAGTCTGGAGCTGAG,IGHV1S49*01,,,,,,,,,,,,,,,,,,,,,,,,,,,,
CAGGTCCAACTGCAGCAGCCTGGGGCTGAG,IGHV1S5*01,1,,,,,,,,,,,,,,,,,,,,,,,,,,,
CAGGTCCAGCTGCAGCAGTCTGGAGCTGAG,IGHV1S50*01,,,,,1,,1,,,,,,,1,,,,,,,,,,,,,,
CAGGTCCAGCTGCAGCAGTCTGGAGCTGAG,IGHV1S52*01,,,,,1,,1,,,,,,,1,,,,,,,,,,,,,,
CAGGTTCAGCTGCAACAGTCTGACGCTGAG,IGHV1S53*01,,,,,1,,1,,,,,,,,,,,,,,,,,,,,,
CAGGTTCAGCTGCAGCAGTCTGACGCTGAG,IGHV1S53*02,,,,,,,1,,,,,,,,,,,,,,,,,,,,,
CAGGTTCAGCTGCAGCAGTCTGACACTGAG,IGHV1S53*03,,,,,,,1,,,,,,,,,,,,,,,,,,,,,
CAGGTCCAACTGCAGCAGCCTGGATCTGTG,IGHV1S55*01,1,,,,,,,,,,,,,,,,,,,,,,,,,,,
CAGGTCCAGCTGCAGCAGTCTGGACCTGAG,IGHV1S56*01,,,,,1,,1,,,,,,,1,,,,,,,,,,,,,,
CAGGTCCAACTGCAGCAGCCTGGTGCTGAG,IGHV1S61*01,1,,,,,,,,,,,,,,,,,,,,,,,,,,,
CCGGTCCAACTGCAGCAGCCTGGGGCTGAG,IGHV1S65*01,1,,,,,,,,,,,,,,,,,,,,,,,,,,,
CCGGTCCAACTGCAGCAGCCTGGGGCTGAG,IGHV1S65*03,1,,,,,,,,,,,,,,,,,,,,,,,,,,,
CAGGTCCAACTGCAGCAGCCTGGGGCTGAA,IGHV1S67*01,1,,,,,,,,,,,,,,,,,,,,,,,,,,,
CAGGTCCAACTGCAGCAGCCTGGGGCTGAA,IGHV1S67*02,1,,,,,,,,,,,,,,,,,,,,,,,,,,,
CAGGTCCAACTGCAGCAGCCTGGGGCTGAG,IGHV1S68*01,1,,,,,,,,,,,,,,,,,,,,,,,,,,,
CAGGTCCAACTGCAGCAGCCTGGGGCTGAG,IGHV1S68*02,1,,,,,,,,,,,,,,,,,,,,,,,,,,,
CAGGTCCAACTGCAGCAGCCTGGGGCTGAG,IGHV1S70*01,1,,,,,,,,,,,,,,,,,,,,,,,,,,,
CAGGTCCAACTGCAGCAGCCTGGGGCTGAG,IGHV1S72*01,1,,,,,,,,,,,,,,,,,,,,,,,,,,,
CAGGTCCAACTCCAGCAGCCTGGGGCTGAG,IGHV1S73*01,1,,,,,,,,,,,,,,,,,,,,,,,,,,,
CAGGTCCAACTGCAGCAGCCTGGGGCTGAG,IGHV1S75*01,1,,,,,,,,,,,,,,,,,,,,,,,,,,,
CAGGTCCAACTGCAGCAGCCTGGGGCTGAG,IGHV1S75*02,1,,,,,,,,,,,,,,,,,,,,,,,,,,,
CAGGTCCAACTGCAGCAGCCTGGGGCTGAG,IGHV1S78*01,1,,,,,,,,,,,,,,,,,,,,,,,,,,,
CAGGTCCAACTGCAGCAGCCTGGGGCTGAA,IGHV1S81*01,1,,,,,,,,,,,,,,,,,,,,,,,,,,,
CAGGTCCAACTGCAGCAGCCTGGGGCTGAA,IGHV1S81*02,1,,,,,,,,,,,,,,,,,,,,,,,,,,,
CAGGTCCAACTGCAGCAGCCTGGGGCTGAG,IGHV1S82*01,1,,,,,,,,,,,,,,,,,,,,,,,,,,,
CAGGTCCAACTGCAGCAGCCTGGGTCTGAG,IGHV1S83*01,1,,,,,,,,,,,,,,,,,,,,,,,,,,,
CAGGTCCAACTGCAGCAGCCTGGGACTGAA,IGHV1S87*01,1,,,,,,,,,,,,,,,,,,,,,,,,,,,
CAGGTCCAACTGCAGCAGCCTGGGGCTGAG,IGHV1S92*01,1,,,,,,,,,,,,,,,,,,,,,,,,,,,
CAGGTCCAACTGCAGCAGCCTGGGGCTGAG,IGHV1S95*01,1,,,,,,,,,,,,,,,,,,,,,,,,,,,
CAGGTCCAACTGCAGCAGCCTGGGGCTGAG,IGHV1S96*01,1,,,,,,,,,,,,,,,,,,,,,,,,,,,
CAGGTGCAGCTGAAGCAGTCAGGACCTGGC,IGHV2-2*01,,,1,,,,,,,,,,,,,,,,,,,1,,,,,,
CAGGTGCAGCTGAAGCAGTCAGGACCTGGC,IGHV2-2*02,,,1,,,,,,,,,,,,,,,,,,,1,,,,,,
CAGGTGCAGCTGAAGCAGTCAGGACCTGGC,IGHV2-2*03,,,1,,,,,,,,,,,,,,,,,,,1,,,,,,
CAGGTGCAGATGAAGCAGTCAGGACCTGGC,IGHV2-2-2*01,,,,,,,,,,,,,,,,,,,,,,1,,,,,,
CAGGTGCAGCTGAAGGAGTCAGGACCTGGC,IGHV2-3*01,,,1,,,,,,,,,,,,,,,,,,,,,,,,,
CAGGTGCAGCTGAAGGAGTCAGGACCTGGC,IGHV2-3-1*01,,,1,,,,,,,,,,,,,,,,,,,,,,,,,
CAGGTGCAGCTGAAGCAGTCAGGACCTGGC,IGHV2-4*01,,,1,,,,,,,,,,,,,,,,,,,1,,,,,,
CAGGTGCAGCTGAAGCAGTCAGGACCTGGC,IGHV2-4*02,,,1,,,,,,,,,,,,,,,,,,,1,,,,,,
CAGGTGCAGCTGAAGCAGTCAGGACCTGGC,IGHV2-4-1*01,,,1,,,,,,,,,,,,,,,,,,,1,,,,,,
CAGGTGCAGCTGAAGCAGTCAGGACCTGGC,IGHV2-5*01,,,1,,,,,,,,,,,,,,,,,,,1,,,,,,
CAGGTGCAGCTGAAGCAGTCAGGACCTAGC,IGHV2-5-1*01,,,1,,,,,,,,,,,,,,,,,,,1,,,,,,
CAGGTGCAGCTGAAGGAGTCAGGACCTGGC,IGHV2-6*01,,,1,,,,,,,,,,,,,,,,,,,,,,,,,
CAGGTGCAGCTGAAGGAGTCAGGACCTGGC,IGHV2-6*02,,,1,,,,,,,,,,,,,,,,,,,,,,,,,
CAGGTGCAGCTGAAGGAGTCAGGACCTGGC,IGHV2-6*03,,,1,,,,,,,,,,,,,,,,,,,,,,,,,
CAGGTGCAGCTGAAGGAGTCAGGACCTGGC,IGHV2-6-1*01,,,1,,,,,,,,,,,,,,,,,,,,,,,,,
CAGGTGCAGCTGAAGGAGTCAGGACCTGAC,IGHV2-6-2*01,,,1,,,,,,,,,,,,,,,,,,,,,,,,,
CAGGTGCAGAATAAGTCAGGACCTGGCCTG,IGHV2-6-3*01,,,,,,,,,,,,,,,,,,,,,,,1,,,,,
CAGGTGCAGCTGAAGGAGTCAGGACCTGGC,IGHV2-6-4*01,,,1,,,,,,,,,,,,,,,,,,,,,,,,,
CAGGTGCAGCTGAAGGAGTCAGGACCTGGC,IGHV2-6-5*01,,,1,,,,,,,,,,,,,,,,,,,,,,,,,
CAGGTGCAGCTGAAGGAGTCAGGACCTGGC,IGHV2-6-6*01,,,1,,,,,,,,,,,,,,,,,,,,,,,,,
CAGGTGCAGCTGAAGGAGTCAGGACCTGGC,IGHV2-6-7*01,,,1,,,,,,,,,,,,,,,,,,,,,,,,,
CAGGTACAGCTGAAGGAGTCAGGACCTGGC,IGHV2-6-7*02,,,1,,,,,,,,,,,,,,,,,,,,,,,,,
CAGGTGCAGCTGAAGGAGTCAGGACCTGGC,IGHV2-6-8*01,,,1,,,,,,,,,,,,,,,,,,,,,,,,,
CAAGTGCAGATGAAGGAGTCAGGACCTGAC,IGHV2-7*01,,,,,,,,,,,,,,,,,,,,,,,,1,,,,
CAGGTGCAGCTGAAGGAGTCAGGACCTGGC,IGHV2-9*01,,,1,,,,,,,,,,,,,,,,,,,,,,,,,
CAGGTGCAGCTGAAGGAGTCAGGACCTGGC,IGHV2-9*02,,,1,,,,,,,,,,,,,,,,,,,,,,,,,
CAGGTGCAGCTGAAGGAGTCAGGACCTGGC,IGHV2-9-1*01,,,1,,,,,,,,,,,,,,,,,,,,,,,,,
CAGGTGCAACTGAAGGAGTCAGGACCTGGC,IGHV2-9-2*01,,,1,,,,,,,,,,,,,,,,,,,,,,,,,
CAGGTGCAACTGAAGCAGTCAGGACCTGGC,IGHV2S3*01,,,,,,,,,,,,,,,,,,,,,,,,,,,,
GATGTGCAGCTTCAGGAGTCAGGACCTGGC,IGHV3-1*01,,,,,,,,,1,,,,,,,,,,,,,,,,,,,
GATGTGCAGCTTCAGGAGTCAGGACCTGAC,IGHV3-1*02,,,,,,,,,1,,,,,,,,,,,,,,,,,,,
GATGTGCAGCTTCAGGAGTCGGGACCTGGC,IGHV3-2*02,,,,,,,,,,,,,,,,,,,,,,,,,1,,,
GATGTGCAGCTTCAGGAGTCAGGACCTAGC,IGHV3-3*01,,,,,,,,,1,,,,,,,,,,,,,,,,,,,
GATGTACAGCTTCAGGAGTCAGGACCTGCC,IGHV3-4*01,,,,,,,,,1,,,,,,,,,,,,,,,,,,,
GATGTACAGCTTCAGGAGTCAGGACCTGGC,IGHV3-4*02,,,,,,,,,1,,,,,,,,,,,,,,,,,,,
GATGTGCAGCTTCAGGAGTCAGGACCTGGC,IGHV3-5*01,,,,,,,,,1,,,,,,,,,,,,,,,,,,,
GATGTGCAGCTTCAGGAGTCAGGACCTGGT,IGHV3-5*02,,,,,,,,,1,,,,,,,,,,,,,,,,,,,
GATGTACAGCTTCAGGAGTCAGGACCTGGC,IGHV3-6*01,,,,,,,,,1,,,,,,,,,,,,,,,,,,,
GATGTACAGCTTCAGGAGTCAGGACCTGGC,IGHV3-6*02,,,,,,,,,1,,,,,,,,,,,,,,,,,,,
GATGTACAGCTTCAGGAGTCAGGACCTGGC,IGHV3-6*03,,,,,,,,,1,,,,,,,,,,,,,,,,,,,
GAGGTGCAGCTTCAGGAGTCAGGACCTGGC,IGHV3-8*01,,,,,,,,,1,,,,,,,,,,,,,,,,,,,
GAGGTGCAGCTTCAGGAGTCAGGACCTAGC,IGHV3-8*02,,,,,,,,,1,,,,,,,,,,,,,,,,,,,
GAGGTGCAGCTTCAGGAGTCAGGACCTAGC,IGHV3S1*01,,,,,,,,,1,,,,,,,,,,,,,,,,,,,
GAGGTGCAGCTTCAGGAGTCAGGACCTAGC,IGHV3S1*02,,,,,,,,,1,,,,,,,,,,,,,,,,,,,
GAGGTGCAGCTTCAGGAGTCAGGACCTGGC,IGHV3S7*01,,,,,,,,,1,,,,,,,,,,,,,,,,,,,
GAGGTGAAGCTTCTCCAGTCTGGAGGTGGC,IGHV4-1*01,,,,,,,,,,,,,,,,,1,,,,,,,,,,,
GAGGTGAAGCTTCTCGAGTCTGGAGGTGGC,IGHV4-1*02,,,,,,,,,,,,,,,,,1,,,,,,,,,,,
GAGGTGAAGCTTCTCGAGTCTGGAGGTGGC,IGHV4-2*02,,,,,,,,,,,,,,,,,1,,,,,,,,,,,
GAAGTGAAGCTGGTGGAGTCTGGGGGAGGC,IGHV5-12*01,,1,,,,,,,,,,,,,,,,,,,,,,,,,,
GAAGTGAAGCTGGTGGAGTCTGGGGGAGGC,IGHV5-12*02,,1,,,,,,,,,,,,,,,,,,,,,,,,,,
GAAGTGAAGCTGGTGGAGTCTGGGGGAGGC,IGHV5-12*03,,1,,,,,,,,,,,,,,,,,,,,,,,,,,
GAAGTGCAGCTGGTGGAGTCTGGGGGAGGC,IGHV5-12-1*01,,1,,,,,,,,,,,,,,,,,,,,,,,,1,,
GAAGTGAAGCTGGTGGAGTCTGGGGGAGGT,IGHV5-12-2*01,,1,,,,,,,,,,,,,,,,,,,,,,,,,,
GAAGTGAAGCTCGTGGAGTCTGGGGGAGGT,IGHV5-12-4*01,,1,,,,,,,,,,,,,,,,,,,,,,,,,1,
GAGGTGAAGCTGGTGGAGTCTGGGGGAGGC,IGHV5-15*01,,1,,,,,,,,,1,,,,,,,,,,,,,,,,,
GAGGTGAAGCTGGTGGAGTCTGGGGGAGGC,IGHV5-15*02,,1,,,,,,,,,1,,,,,,,,,,,,,,,,,
GAAGTGAAGCTGGTGGAGTCTGGGGGAGGC,IGHV5-15*04,,1,,,,,,,,,,,,,,,,,,,,,,,,,,
GAGGTGAAGCTGGTGGAGTCTGGGGGAGCC,IGHV5-15*05,,1,,,,,,,,,1,,,,,,,,,,,,,,,,,
GAAGTGAAGCTGGTGGAGTCTGAGGGAGGC,IGHV5-16*01,,1,,,,,,,,,,,,,,,,,,,,,,,,,,
GAAGTGAAGCTGGTGGAGTCTGAGGGAGGC,IGHV5-16*02,,1,,,,,,,,,,,,,,,,,,,,,,,,,,
GAGGTGCAGCTGGTGGAGTCTGGGGGAGGC,IGHV5-17*01,,,,,,,,,,,,,,,,,,,,,,,,,,1,,
GATGTGCAGCTGGTGGAGTCTGGGGGAGGC,IGHV5-17*02,,,,,,,,,,,,,,,,,,,,,,,,,,1,,
GAAGTGAAGCTGGTGGAGTCTGGGGGAGGC,IGHV5-17*03,,1,,,,,,,,,,,,,,,,,,,,,,,,,,
GAGGTGCAGCTGGTGGAGTCTGGGGGAGGC,IGHV5-2*01,,,,,,,,,,,,,,,,,,,,,,,,,,1,,
GAGGTGCAGCTGGTGGAGTCTGGGGGAGGC,IGHV5-2*02,,,,,,,,,,,,,,,,,,,,,,,,,,1,,
GAAGTGAAGCTGGTGGAGTCTGGGGGAGGC,IGHV5-2*03,,1,,,,,,,,,,,,,,,,,,,,,,,,,,
GAAGTGCAGCTGGTGGAGTCTGGGGGAGGC,IGHV5-4*01,,1,,,,,,,,,,,,,,,,,,,,,,,,1,,
GAAGTGCAGCTGGTGGAGTCTGGGGGAGGC,IGHV5-4*02,,1,,,,,,,,,,,,,,,,,,,,,,,,1,,
GAAGTGAAGCTGGTGGAGTCTGGGGGAGGC,IGHV5-4*03,,1,,,,,,,,,,,,,,,,,,,,,,,,,,
GAGGTGCAGCTGGTGGAGTCTGGGGGAGAC,IGHV5-6*01,,,,,,,,,,,,,,,,,,,,,,,,,,1,,
GAAGTGAAGCTGGTGGAGTCTGGGGGAGAC,IGHV5-6*02,,1,,,,,,,,,,,,,,,,,,,,,,,,,,
GAAGTGAAGCTGGTGGAGTCTGGGGGAGGC,IGHV5-6*03,,1,,,,,,,,,,,,,,,,,,,,,,,,,,
GAGGTGCAGCTGGTGGAGTCTGGGGGAGAC,IGHV5-6-1*01,,,,,,,,,,,,,,,,,,,,,,,,,,1,,
GACGTGAAGCTCGTGGAGTCTGGGGGAGGC,IGHV5-6-2*01,,,,,,,,,,,,,,,,,,,,,,,,,,,1,
GAGGTGCAGCTGGTGGAGTCTGGGGGAGGC,IGHV5-6-3*01,,,,,,,,,,,,,,,,,,,,,,,,,,1,,
GACGTGAAGCTGGTGGAGTCTGGGGGAGGC,IGHV5-6-4*01,,1,,,,,,,,,,,,,,,,,,,,,,,,,1,
GAAGTGAAGCTGGTGGAGTCTGGGGGAGGC,IGHV5-6-4*02,,1,,,,,,,,,,,,,,,,,,,,,,,,,,
GAAGTGAAGCTGGTGGAGTCTGGGGGAGGC,IGHV5-6-5*01,,1,,,,,,,,,,,,,,,,,,,,,,,,,,
GAAGTGAAGCTCGTGGAGTCTGGGGGAGGC,IGHV5-6-6*01,,1,,,,,,,,,,,,,,,,,,,,,,,,,1,
GAAGTGATGCTGGTGGAGTCTGGGGGAGGC,IGHV5-9*01,,1,,,,,,,,,,,,,,,,,,,,,,,,,,
GAAGTGAAGCTGGTGGAGTCTGGGGGAGGC,IGHV5-9*02,,1,,,,,,,,,,,,,,,,,,,,,,,,,,
GAAGTGATGCTGGTGGAGTCTGGGGGAGGC,IGHV5-9*03,,1,,,,,,,,,,,,,,,,,,,,,,,,,,
GAAGTGAAGCTGGTGGAGTCTGGGGGAGGC,IGHV5-9*04,,1,,,,,,,,,,,,,,,,,,,,,,,,,,
GAAGTGATGCTGGTGGAGTCTGGGGGAGGC,IGHV5-9-1*01,,1,,,,,,,,,,,,,,,,,,,,,,,,,,
GACGTGAAGCTGGTGGAGTCTGGGGAAGGC,IGHV5-9-1*02,,1,,,,,,,,,,,,,,,,,,,,,,,,,1,
GAAGTGAAGCTGGTGGAGTCTGGGGGAGGC,IGHV5-9-2*01,,1,,,,,,,,,,,,,,,,,,,,,,,,,,
GAAGTGCAGCTGGTGGAGTCTGGGGGAGGC,IGHV5-9-3*01,,1,,,,,,,,,,,,,,,,,,,,,,,,1,,
GAAGTGCAGCTGGTGGAGTCTGGGGGAGGC,IGHV5-9-4*01,,1,,,,,,,,,,,,,,,,,,,,,,,,1,,
GAAGTGATGCTGGTGGAGTCTGGGGGAGGC,IGHV5-9-5*01,,1,,,,,,,,,,,,,,,,,,,,,,,,,,
GAAGTGAAGCTGGTGGAGTCTGGGGAAGGC,IGHV5S21*01,,1,,,,,,,,,,,,,,,,,,,,,,,,,,
GAAGTGAAGCTGGTGGAGTCTGGGGGAGGT,IGHV5S24*01,,1,,,,,,,,,,,,,,,,,,,,,,,,,,
GAAGTGAAGCTGGTGGAGTCTGGGGGAGGC,IGHV5S4*01,,1,,,,,,,,,,,,,,,,,,,,,,,,,,
GAAGTGAAGCTTGAGGAGTCTGGAGGAGGC,IGHV6-3*01,,,,,,,,,,,,,,,,,,,,,,,,,,,,
GAAGTGAAGCTTGAGGAGTCTGGAGGAGGC,IGHV6-3*02,,,,,,,,,,,,,,,,,,,,,,,,,,,,
GAAGTGAAGCTTGAGGAGTCTGGAGGAGGC,IGHV6-3*03,,,,,,,,,,,,,,,,,,,,,,,,,,,,
GATGTGAACCTGGAAGTGTCTGGAGGAGGC,IGHV6-4*01,,,,,,,,,,,,,,,,,,1,,,,,,,,,,
GAAGTGAAGCTTGAGGAGTCTGGAGGAGGC,IGHV6-6*01,,,,,,,,,,,,,,,,,,,,,,,,,,,,
GAAGTGAAGCTTGAGGAGTCTGGAGGAGGC,IGHV6-6*02,,,,,,,,,,,,,,,,,,,,,,,,,,,,
GAGGAGAAGCTGGATGAGTCTGGAGGAGGC,IGHV6-7*01,,,,,,,,,,,,,,,,,,,,,,,,,,,,1
GAGGTGAAGCTGGATGAGACTGGAGGAGGC,IGHV6-7*02,,,,,,,,,,,,,,,,,,,,,,,,,,,,
GATGTGAACTTGGAAGTGTCTGGAGGAGGC,IGHV6S2*01,,,,,,,,,,,,,,,,,,1,,,,,,,,,,
GATGTGAACTTGGAAGTGTCTGGAGGAGGC,IGHV6S3*01,,,,,,,,,,,,,,,,,,1,,,,,,,,,,
GAGGTGAAGCTGGTGGAATCTGGAGGAGGC,IGHV7-1*01,,,,,,,,,,,1,,,,,,,,,,,,,,,,,
GAGGTGAAGCTGGTGGAATCTGGAGGAGGC,IGHV7-1*02,,,,,,,,,,,1,,,,,,,,,,,,,,,,,
GAGGTGAAGCTGGTGGAATCTGGAGGAGGC,IGHV7-1*03,,,,,,,,,,,1,,,,,,,,,,,,,,,,,
GAGGTGAAGCTGGTGGAGTCTGGAGGAGGC,IGHV7-3*01,,1,,,,,,,,,1,,,,,,,,,,,,,,,,,
GAGGTGAAGCTGGTGGAGTCTGGAGGAGGC,IGHV7-3*02,,1,,,,,,,,,1,,,,,,,,,,,,,,,,,
GAGGTGAAGCTGGTGGAGTCTGGAGGAGGC,IGHV7-3*03,,1,,,,,,,,,1,,,,,,,,,,,,,,,,,
GAGGTGAAGCTGGTGGAGTCTGGAGGAGGC,IGHV7-3*04,,1,,,,,,,,,1,,,,,,,,,,,,,,,,,
GAGGTGAAGCTGATGGAATCTGGAGGAGGC,IGHV7-4*01,,,,,,,,,,,1,,,,,,,,,,,,,,,,,
GAGGTGAAGCTGATGGAGTCTGGAGGAGGC,IGHV7-4*02,,,,,,,,,,,,,,,,,,,,,,,,,,,,
GAGGTGAAGCTGATGGAGTCTGGAGGAGGC,IGHV7-4*03,,,,,,,,,,,,,,,,,,,,,,,,,,,,
GAGGTGAAGCTGGTGGAATCTGGAGGAGGC,IGHV7-4*04,,,,,,,,,,,1,,,,,,,,,,,,,,,,,
CAGATTACTCAGAAAGAGTCTGGCCCTGGG,IGHV8-11*01,,,,,,,,,,,,,,,,,,,,,,,,,,,,
CAGGTTACTCTGAAAGAGTCTGGCCCTGGG,IGHV8-12*01,,,,,,1,,,,,,,,,,,,,,,,,,,,,,
CAGGTTACTCTGAAAGAGTCTGGCCCTGGG,IGHV8-5*02,,,,,,1,,,,,,,,,,,,,,,,,,,,,,
CAGGTTACTCTGAAAGAGTCTGGCCCTGGT,IGHV8-6*01,,,,,,1,,,,,,,,,,,,,,,,,,,,,,
CAGGTTACTCTGAAAGAGTCTGGCCCTGGG,IGHV8-8*01,,,,,,1,,,,,,,,,,,,,,,,,,,,,,
CAGGTTACTCTGAAAGAGTCTGGCCCTGGT,IGHV8-8*02,,,,,,1,,,,,,,,,,,,,,,,,,,,,,
CAGGTTACTCTGAAAGAGTCTGGCCCTGGT,IGHV8-9*03,,,,,,1,,,,,,,,,,,,,,,,,,,,,,
CAGGTTACTCTGAAAGAGTCTGGCCCTGGG,IGHV8S9*01,,,,,,1,,,,,,,,,,,,,,,,,,,,,,
CAGATCCAGTTGGTGCAGTCTGGACCTGAG,IGHV9-1*01,,,,1,,,,,,,,,,,,,,,,,,,,,,,,
CAGATCCAGTTGGTGCAGTCTGGACCTGAG,IGHV9-1*02,,,,1,,,,,,,,,,,,,,,,,,,,,,,,
CAGATCCAGTTGGTGCAGTCTGGACCTGAG,IGHV9-1*03,,,,1,,,,,,,,,,,,,,,,,,,,,,,,
CAGATCCAGTTGGCGCAGTCTGGACCTGAG,IGHV9-1*04,,,,1,,,,,,,,,,,,,,,,,,,,,,,,
CAGATCCAGTTCGTGCAGTCTGGACCTGAG,IGHV9-2*01,,,,1,,,,,,,,,,,,,,,,,,,,,,,,
CAGATCCAGTTGGTGCAGTCTGGACCTGAG,IGHV9-2*02,,,,1,,,,,,,,,,,,,,,,,,,,,,,,
CAGATCCAGTTGGTGCAGTCTGGACCTGAG,IGHV9-2-1*01,,,,1,,,,,,,,,,,,,,,,,,,,,,,,
CAGATCCAGTTGGTACAGTCTGGACCTGAG,IGHV9-3*01,,,,1,,,,,,,,,,,,,,,,,,,,,,,,
CAGATCCAGTTGGTGCAGTCTGGACCTGAG,IGHV9-3*02,,,,1,,,,,,,,,,,,,,,,,,,,,,,,
CAGATCCAGTTGGTGCAGTCTGGACCTGAG,IGHV9-3*03,,,,1,,,,,,,,,,,,,,,,,,,,,,,,
CAGATCCAGTTGGTGCAGTCTGGACCTGAG,IGHV9-3-1*01,,,,1,,,,,,,,,,,,,,,,,,,,,,,,
CAGATCCAGTTGGTGCAGTCTGGACCTGAG,IGHV9-4*01,,,,1,,,,,,,,,,,,,,,,,,,,,,,,
CAGATCCAGTTGGTGCAGTCTGGACCTGAG,IGHV9-4*02,,,,1,,,,,,,,,,,,,,,,,,,,,,,,
CAGATCCAGTTGGTGCAGTCTGGACCTGAG,IGHV9S8*01,,,,1,,,,,,,,,,,,,,,,,,,,,,,,
