seq,gene,primer_0,primer_1,primer_2,primer_3
GCTGAATACTTCCAGCACTGGGGCCAGGGC,IGHJ1*01,,1,,1
CTACTGGTACTTCGATCTCTGGGGCCGTGG,IGHJ2*01,,1,,1
TGATGCTTTTGATGTCTGGGGCCAAGGGAC,IGHJ3*01,1,,,
TGATGCTTTTGATATCTGGGGCCAAGGGAC,IGHJ3*02,1,,,
ACTACTTTGACTACTGGGGCCAAGGAACCC,IGHJ4*01,,1,,1
ACTACTTTGACTACTGGGGCCAGGGAACCC,IGHJ4*02,,1,,1
GCTACTTTGACTACTGGGGCCAAGGGACCC,IGHJ4*03,,1,,1
ACAACTGGTTCGACTCCTGGGGCCAAGGAA,IGHJ5*01,,1,,1
ACAACTGGTTCGACCCCTGGGGCCAGGGAA,IGHJ5*02,,1,,1
ATTACTACTACTACTACGGTATGGACGTCT,IGHJ6*01,,,1,
ATTACTACTACTACTACGGTATGGACGTCT,IGHJ6*04,,,1,
